sampleid	BarcodeSequence	LinkerPrimerSequence	Loc	FW	group	groups	Type_of_soil	Root_L	Stem_L	Root_DW	Treatment	TOC	Root_FW	ReversePrimer	Leaves_No	SMC	pH	Silt	WHC	TN	Plot	EC	DW	Sand	Clay	Arbus_per	Cod_No	Code	Month	Description	Type	q	value	qs	Q	FDis	D_q	MD_q	FD_q
1.2RO	TAAGGCGATATCCTCT	TAGCATGGAATAATNNAATA	1	36.2	Roots32	Roots3	Roots	37	45	3.2	Extreme_dry	36	10.7	TCTGGACCTGGTGAGTTTCC	5	5.17	7.6	28.86	590.4	1.81	2	1.77	9.9	59.04	12.09	40	3	2	2	RO_L1_P2_T3_C2_2	Roots	q0	11	q0 (species richness)	53.57829883769369	41.1822238531395	10.554611898120744	565.4981503933906	5968.613506507354
1.8RO	TAAGGCGACTAAGCCT	TAGCATGGAATAATNNAATA	1	39	Roots31	Roots3	Roots	36	37	1.6	Extreme_dry	31.99	8.1	TCTGGACCTGGTGAGTTTCC	6	9.03	8.07	30.61	607.4	1.68	1	2.06	8.5	53.76	15.62	28.57	8	8	2	RO_L1_P1_T3_C8_2	Roots	q0	14	q0 (species richness)	18.140217811607567	15.343174890112143	20.330134547122267	368.79306882408565	7497.612709239784
2.10RO	CGTACTAGTATCCTCT	TAGCATGGAATAATNNAATA	2	53.4	Roots32	Roots3	Roots	41	49	1.6	Extreme_dry	36	13.5	TCTGGACCTGGTGAGTTTCC	6	5.17	7.6	28.86	590.4	1.81	2	1.77	6.2	59.04	12.09	62.5	11	10	2	RO_L2_P2_T3_C10_2	Roots	q0	15	q0 (species richness)	26.82236705160281	22.995015304161647	16.128856007124803	432.6140959455504	6977.5704601582565
2.14RO	AGGCAGAACTCTCTAT	TAGCATGGAATAATNNAATA	2	66.3	Roots22	Roots2	Roots	38	59	2.8	Dry	36	15.2	TCTGGACCTGGTGAGTTTCC	9	5.17	7.6	28.86	590.4	1.81	2	1.77	7.1	59.04	12.09	70	18	14	2	RO_L2_P2_T2_C14_2	Roots	q0	14	q0 (species richness)	7.620664746436024	6.432575879838358	31.23450495512698	238.02769078391748	7434.677087247703
2.3RO	TAAGGCGAAGAGTAGA	TAGCATGGAATAATNNAATA	2	39.2	Roots31	Roots3	Roots	43	46	2	Extreme_dry	31.99	4.8	TCTGGACCTGGTGAGTTTCC	5	9.03	8.07	30.61	607.4	1.68	1	2.06	10.6	53.76	15.62	50	4	3	2	RO_L2_P1_T3_C3_2	Roots	q0	15	q0 (species richness)	46.31531893567529	34.64287939031324	15.447571715329657	715.4592107772097	11052.107467874104
2.7RO	TAAGGCGAACTGCATA	TAGCATGGAATAATNNAATA	2	78	Roots21	Roots2	Roots	38	73	4.8	Dry	31.99	15.4	TCTGGACCTGGTGAGTTTCC	7	9.03	8.07	30.61	607.4	1.68	1	2.06	10.1	53.76	15.62	80	6	7	2	RO_L2_P1_T2_C7_2	Roots	q0	12	q0 (species richness)	8.402928173346307	6.628738529745672	25.07544931715388	210.70719952642975	5283.577702484419
3.14RO	AGGCAGAATATCCTCT	TAGCATGGAATAATNNAATA	3	39	Roots31	Roots3	Roots	52	40	1.6	Extreme_dry	31.99	8.5	TCTGGACCTGGTGAGTTTCC	5	9.03	8.07	30.61	607.4	1.68	1	2.06	6.5	53.76	15.62	40	19	14	2	RO_L3_P1_T3_C14_2	Roots	q0	29	q0 (species richness)	38.81031514099604	27.992004222348235	34.221273625394915	1328.1384139278327	45450.58807542237
3.7RO	TAAGGCGAAAGGAGTA	TAGCATGGAATAATNNAATA	3	186.6	Roots12	Roots1	Roots	52	84	8.4	Wet	36	74	TCTGGACCTGGTGAGTTTCC	9	5.17	7.6	28.86	590.4	1.81	2	1.77	23.1	59.04	12.09	44.44	7	7	2	RO_L3_P2_T1_C7_2	Roots	q0	9	q0 (species richness)	28.697109254884634	23.372088239807198	11.848364707607352	340.0138165059274	4028.607703587713
4.12RO	CGTACTAGACTGCATA	TAGCATGGAATAATNNAATA	4	178.4	Roots12	Roots1	Roots	48	83	6.8	Wet	36	67	TCTGGACCTGGTGAGTTTCC	9	5.17	7.6	28.86	590.4	1.81	2	1.77	19.9	59.04	12.09	85.71	14	12	2	RO_L4_P2_T1_C12_2	Roots	q0	11	q0 (species richness)	10.639286061237776	8.84893403112892	16.28389234445926	173.24898884310196	2821.167883107496
4.16RO	TCCTGAGCAGAGTAGA	TAGCATGGAATAATNNAATA	4	75.7	Roots21	Roots2	Roots	41	56	3.6	Dry	41	19.5	TCTGGACCTGGTGAGTTTCC	9	6.34	7.7	26.04	554.5	2.4	1	1.92	8.8	59.94	14.01	80	24	16	2	RO_L4_P1_T2_C16_2	Roots	q0	13	q0 (species richness)	27.81699285510889	21.774917105919144	17.272721535195224	480.475171532811	8299.113842461404
4.1RO	TAAGGCGATAGATCGC	TAGCATGGAATAATNNAATA	4	172.7	Roots13	Roots1	Roots	55	81	8.8	Wet	41	57	TCTGGACCTGGTGAGTTTCC	9	6.34	7.7	26.04	554.5	2.4	3	1.92	25.2	59.94	14.01	70	1	1	2	RO_L4_P3_T1_C1_2	Roots	q0	11	q0 (species richness)	21.46390907768718	19.901733713042912	17.006173053451324	365.018952178693	6207.575468540325
5.14RO	AGGCAGAAAGAGTAGA	TAGCATGGAATAATNNAATA	5	39.7	Roots32	Roots3	Roots	23	38	1.6	Extreme_dry	36	12.6	TCTGGACCTGGTGAGTTTCC	5	5.17	7.6	28.86	590.4	1.81	2	1.77	6.3	59.04	12.09	70	20	14	2	RO_L5_P2_T3_C14_2	Roots	q0	18	q0 (species richness)	30.542480644307368	25.97940619759513	19.73637320644851	602.7977966467801	11897.042282645707
5.8RO	CGTACTAGTAGATCGC	TAGCATGGAATAATNNAATA	5	35.5	Roots33	Roots3	Roots	43	45	1.2	Extreme_dry	41	7.5	TCTGGACCTGGTGAGTTTCC	6	6.34	7.7	26.04	554.5	2.4	3	1.92	6.2	59.94	14.01	80	9	8	2	RO_L5_P3_T3_C8_2	Roots	q0	18	q0 (species richness)	33.975319301090316	25.391764572887382	20.292398407192614	689.4407152693057	13990.405672384595
6.13RO	AGGCAGAATAGATCGC	TAGCATGGAATAATNNAATA	6	222.2	Roots13	Roots1	Roots	67	82	20.8	Wet	41	79.5	TCTGGACCTGGTGAGTTTCC	9	6.34	7.7	26.04	554.5	2.4	3	1.92	33.5	59.94	14.01	90	17	13	2	RO_L6_P3_T1_C13_2	Roots	q0	17	q0 (species richness)	6.650902414242207	5.203040581671948	45.226077099306195	300.7942253664798	13603.742827450498
7.1RO	TAAGGCGACTCTCTAT	TAGCATGGAATAATNNAATA	7	166	Roots11	Roots1	Roots	60	88	5.6	Wet	31.99	48.9	TCTGGACCTGGTGAGTTTCC	11	9.03	8.07	30.61	607.4	1.68	1	2.06	26	53.76	15.62	50	2	1	2	RO_L7_P1_T1_C1_2	Roots	q0	6	q0 (species richness)	21.31497698031542	19.219585657153207	6.234720708668245	132.8929283839595	828.5502926310384
7.23RO	GGACTCCTACTGCATA	TAGCATGGAATAATNNAATA	7	67.1	Roots23	Roots2	Roots	46	67	5.6	Dry	41	15.6	TCTGGACCTGGTGAGTTTCC	6	6.34	7.7	26.04	554.5	2.4	3	1.92	11.6	59.94	14.01	83.33	27	23	2	RO_L7_P3_T2_C23_2	Roots	q0	4	q0 (species richness)	4.478259694700256	4.0948568399085055	10.966893960630992	49.11259919994543	538.6126675567721
7.9RO	CGTACTAGCTCTCTAT	TAGCATGGAATAATNNAATA	7	96.4	Roots21	Roots2	Roots	52	75	4	Dry	31.99	24.8	TCTGGACCTGGTGAGTTTCC	9	9.03	8.07	30.61	607.4	1.68	1	2.06	14.9	53.76	15.62	70	10	9	2	RO_L7_P1_T2_C9_2	Roots	q0	12	q0 (species richness)	9.658633425655417	7.913305729582618	26.410181650381684	255.08626326600788	6736.874549372352
1.8RI	GGACTCCTACTGCATA	TAGCATGGAATAATNNAATA	1	39	Rizospheric31	Rizospheric3	Rizospheric	36	37	1.6	Extreme_dry	31.99	8.1	TCTGGACCTGGTGAGTTTCC	6	9.03	8.07	30.61	607.4	1.68	1	2.06	8.5	53.76	15.62	28.57	34	8	2	RI_L1_P1_T3_C8_2	Rhizosphere	q0	18	q0 (species richness)	34.75046184332995	32.90283628463406	20.985874757580333	729.2688400121966	15304.344541101847
2.10RI	CGAGGCTGTAGATCGC	TAGCATGGAATAATNNAATA	2	53.4	Rizospheric32	Rizospheric3	Rizospheric	41	49	1.6	Extreme_dry	36	13.5	TCTGGACCTGGTGAGTTTCC	6	5.17	7.6	28.86	590.4	1.81	2	1.77	6.2	59.04	12.09	62.5	37	10	2	RI_L2_P2_T3_C10_2	Rhizosphere	q0	22	q0 (species richness)	24.591511901242196	22.33058322344981	27.573771782508807	678.0807369517016	18697.243490821606
2.11RI	CGAGGCTGTATCCTCT	TAGCATGGAATAATNNAATA	2	139.8	Rizospheric12	Rizospheric1	Rizospheric	53	71	2	Wet	36	44.1	TCTGGACCTGGTGAGTTTCC	10	5.17	7.6	28.86	590.4	1.81	2	1.77	17.1	59.04	12.09	50	39	11	2	RI_L2_P2_T1_C11_2	Rhizosphere	q0	16	q0 (species richness)	4.841647010482943	4.58050802095425	43.27119812766951	209.5038670548462	9065.483339843182
2.13RI	AAGAGGCACTCTCTAT	TAGCATGGAATAATNNAATA	2	42.2	Rizospheric33	Rizospheric3	Rizospheric	30	46	2.4	Extreme_dry	41	10.2	TCTGGACCTGGTGAGTTTCC	6	6.34	7.7	26.04	554.5	2.4	3	1.92	9	59.94	14.01	50	41	13	2	RI_L2_P3_T3_C13_2	Rhizosphere	q0	14	q0 (species richness)	10.343630255223067	9.18862433949312	32.18839451944359	332.94485141837305	10716.96023067212
2.14RI	GTAGAGGACTCTCTAT	TAGCATGGAATAATNNAATA	2	66.3	Rizospheric22	Rizospheric2	Rizospheric	38	59	2.8	Dry	36	15.2	TCTGGACCTGGTGAGTTTCC	9	5.17	7.6	28.86	590.4	1.81	2	1.77	7.1	59.04	12.09	70	44	14	2	RI_L2_P2_T2_C14_2	Rhizosphere	q0	38	q0 (species richness)	18.367077594084233	16.554335857777932	57.37924613932318	1053.889066131007	60471.36012907249
2.3RI	AGGCAGAAAGAGTAGA	TAGCATGGAATAATNNAATA	2	39.2	Rizospheric31	Rizospheric3	Rizospheric	43	46	2	Extreme_dry	31.99	4.8	TCTGGACCTGGTGAGTTTCC	5	9.03	8.07	30.61	607.4	1.68	1	2.06	10.6	53.76	15.62	50	30	3	2	RI_L2_P1_T3_C3_2	Rhizosphere	q0	68	q0 (species richness)	50.01537749473675	36.82240344817264	61.744203032384846	3088.1596227763976	190675.95474511888
3.10RI	CGAGGCTGCTCTCTAT	TAGCATGGAATAATNNAATA	3	47.9	Rizospheric23	Rizospheric2	Rizospheric	45	57	2.8	Dry	41	10.9	TCTGGACCTGGTGAGTTTCC	5	6.34	7.7	26.04	554.5	2.4	3	1.92	7.2	59.94	14.01	70	38	10	2	RI_L3_P3_T2_C10_2	Rhizosphere	q0	28	q0 (species richness)	15.248917506716035	13.896539675046471	44.26688734119875	675.0221133450322	29881.12784426243
3.13RI	AAGAGGCAAGAGTAGA	TAGCATGGAATAATNNAATA	3	150.7	Rizospheric11	Rizospheric1	Rizospheric	69	67	8	Wet	31.99	53	TCTGGACCTGGTGAGTTTCC	11	9.03	8.07	30.61	607.4	1.68	1	2.06	19.6	53.76	15.62	33.33	42	13	2	RI_L3_P1_T1_C13_2	Rhizosphere	q0	24	q0 (species richness)	16.345484509861926	14.714304696897933	39.38719559026662	643.802795407605	25357.586624279742
3.14RI	GTAGAGGAAGAGTAGA	TAGCATGGAATAATNNAATA	3	39	Rizospheric31	Rizospheric3	Rizospheric	52	40	1.6	Extreme_dry	31.99	8.5	TCTGGACCTGGTGAGTTTCC	5	9.03	8.07	30.61	607.4	1.68	1	2.06	6.5	53.76	15.62	40	45	14	2	RI_L3_P1_T3_C14_2	Rhizosphere	q0	22	q0 (species richness)	26.110219385624134	22.30690315893703	31.72378886038561	828.3150868878873	26277.2929263033
3.4RI	TCCTGAGCAGAGTAGA	TAGCATGGAATAATNNAATA	3	48.2	Rizospheric33	Rizospheric3	Rizospheric	41	44	2	Extreme_dry	41	8.8	TCTGGACCTGGTGAGTTTCC	5	6.34	7.7	26.04	554.5	2.4	3	1.92	10.8	59.94	14.01	90	31	4	2	RI_L3_P3_T3_C4_2	Rhizosphere	q0	23	q0 (species richness)	40.512497349682334	34.20299219098076	24.49532680708124	992.3668623514815	24308.350605817344
4.12RI	CGAGGCTGAGAGTAGA	TAGCATGGAATAATNNAATA	4	178.4	Rizospheric12	Rizospheric1	Rizospheric	48	83	6.8	Wet	36	67	TCTGGACCTGGTGAGTTTCC	9	5.17	7.6	28.86	590.4	1.81	2	1.77	19.9	59.04	12.09	85.71	40	12	2	RI_L4_P2_T1_C12_2	Rhizosphere	q0	23	q0 (species richness)	15.186996917546416	13.449648955167005	40.184275285014934	610.2784648873585	24523.59783354993
4.1RI	TAAGGCGATAGATCGC	TAGCATGGAATAATNNAATA	4	172.7	Rizospheric13	Rizospheric1	Rizospheric	55	81	8.8	Wet	41	57	TCTGGACCTGGTGAGTTTCC	9	6.34	7.7	26.04	554.5	2.4	3	1.92	25.2	59.94	14.01	70	28	1	2	RI_L4_P3_T1_C1_2	Rhizosphere	q0	20	q0 (species richness)	30.15260401390576	24.99317299959397	24.484784871421862	738.2800225936538	18076.62752807409
5.14RI	GTAGAGGAACTGCATA	TAGCATGGAATAATNNAATA	5	39.7	Rizospheric32	Rizospheric3	Rizospheric	23	38	1.6	Extreme_dry	36	12.6	TCTGGACCTGGTGAGTTTCC	5	5.17	7.6	28.86	590.4	1.81	2	1.77	6.3	59.04	12.09	70	46	14	2	RO_L5_P2_T3_C14_2	Rhizosphere	q0	21	q0 (species richness)	19.222666558822784	17.33380517551153	32.83005695283561	631.0812379115206	20718.432982501217
5.8RI	TAGGCATGACTGCATA	TAGCATGGAATAATNNAATA	5	35.5	Rizospheric33	Rizospheric3	Rizospheric	43	45	1.2	Extreme_dry	41	7.5	TCTGGACCTGGTGAGTTTCC	6	6.34	7.7	26.04	554.5	2.4	3	1.92	6.2	59.94	14.01	80	35	8	2	RI_L5_P3_T3_C8_2	Rhizosphere	q0	25	q0 (species richness)	25.014365062039204	23.1760529720441	33.14868777557806	829.1933773458659	27486.672371215194
6.13RI	AAGAGGCACTAAGCCT	TAGCATGGAATAATNNAATA	6	222.2	Rizospheric13	Rizospheric1	Rizospheric	67	82	20.8	Wet	41	79.5	TCTGGACCTGGTGAGTTTCC	9	6.34	7.7	26.04	554.5	2.4	3	1.92	33.5	59.94	14.01	90	43	13	2	RI_L6_P3_T1_C13_2	Rhizosphere	q0	19	q0 (species richness)	8.950907319479015	8.18329454190996	45.63453129872118	408.4704602227176	18640.35800163665
7.1RI	CGTACTAGCTCTCTAT	TAGCATGGAATAATNNAATA	7	166	Rizospheric11	Rizospheric1	Rizospheric	60	88	5.6	Wet	31.99	48.9	TCTGGACCTGGTGAGTTTCC	11	9.03	8.07	30.61	607.4	1.68	1	2.06	26	53.76	15.62	50	29	1	2	RI_L7_P1_T1_C1_2	Rhizosphere	q0	23	q0 (species richness)	25.094754721851587	23.50362599096574	30.35071507637917	761.6437504745384	23116.432460357544
7.9RI	TAGGCATGAAGGAGTA	TAGCATGGAATAATNNAATA	7	96.4	Rizospheric21	Rizospheric2	Rizospheric	52	75	4	Dry	31.99	24.8	TCTGGACCTGGTGAGTTTCC	9	9.03	8.07	30.61	607.4	1.68	1	2.06	14.9	53.76	15.62	70	36	9	2	RI_L7_P1_T2_C9_2	Rhizosphere	q0	13	q0 (species richness)	16.337665680920146	14.874334145978485	23.347620799052994	381.4456230598255	8905.8477626593085
1.2NR	TAGGCATGAAGGAGTA	TAGCATGGAATAATNNAATA	1	36.2	Non-rizospheric32	Non-rizospheric3	Non-rizospheric	37	45	3.2	Extreme_dry	36	10.7	TCTGGACCTGGTGAGTTTCC	5	5.17	7.6	28.86	590.4	1.81	2	1.77	9.9	59.04	12.09	40	56	2	2	NR_L1_P2_T3_C2_2	Bulk soil	q0	3	q0 (species richness)	1.365700302691847	1.3653777570958483	13.934615799302312	19.030509015001762	265.1828315892086
1.8NR	AAGAGGCACTCTCTAT	TAGCATGGAATAATNNAATA	1	39	Non-rizospheric31	Non-rizospheric3	Non-rizospheric	36	37	1.6	Extreme_dry	31.99	8.1	TCTGGACCTGGTGAGTTTCC	6	9.03	8.07	30.61	607.4	1.68	1	2.06	8.5	53.76	15.62	28.57	61	8	2	NR_L1_P1_T3_C8_2	Bulk soil	q0	2	q0 (species richness)	0.6881612786283915	0.6881612786283907	13.729725486341485	9.44826544589757	129.72209089425948
2.10NR	GTAGAGGACTCTCTAT	TAGCATGGAATAATNNAATA	2	53.4	Non-rizospheric32	Non-rizospheric3	Non-rizospheric	41	49	1.6	Extreme_dry	36	13.5	TCTGGACCTGGTGAGTTTCC	6	5.17	7.6	28.86	590.4	1.81	2	1.77	6.2	59.04	12.09	62.5	64	10	2	NR_L2_P2_T3_C10_2	Bulk soil	q0	4	q0 (species richness)	11.179955166859841	10.549145057534325	7.408289311895823	82.82434237012224	613.586690345377
2.11NR	GTAGAGGAACTGCATA	TAGCATGGAATAATNNAATA	2	139.8	Non-rizospheric12	Non-rizospheric1	Non-rizospheric	53	71	2	Wet	36	44.1	TCTGGACCTGGTGAGTTTCC	10	5.17	7.6	28.86	590.4	1.81	2	1.77	17.1	59.04	12.09	50	66	11	2	NR_L2_P2_T1_C11_2	Bulk soil	q0	5	q0 (species richness)	14.52346986093934	13.124394881385092	10.729269459118344	155.8262216194022	1671.9015205508585
2.15RI	TAAGGCGATAGATCGC	TAGCATGGAATAATNNAATA	2	78.4	Rizospheric22	Rizospheric2	Rizospheric	39	51	2.4	Dry	36	16	TCTGGACCTGGTGAGTTTCC	7	5.17	7.6	28.86	590.4	1.81	2	1.77	12.3	59.04	12.09	62.5	47	15	2	RI_L2_P2_T2_C15_2	Rhizosphere	q0	3	q0 (species richness)	11.29441319562639	11.281918475534335	4.845525303853418	54.72736493158362	265.18283158920866
2.3NR	CGAGGCTGTAGATCGC	TAGCATGGAATAATNNAATA	2	39.2	Non-rizospheric31	Non-rizospheric3	Non-rizospheric	43	46	2	Extreme_dry	31.99	4.8	TCTGGACCTGGTGAGTTTCC	5	9.03	8.07	30.61	607.4	1.68	1	2.06	10.6	53.76	15.62	50	57	3	2	NR_L2_P1_T3_C3_2	Bulk soil	q0	10	q0 (species richness)	30.56163050380912	26.174216918880077	12.047895704337726	368.2033368643987	4436.075400531406
2.7NR	CGAGGCTGTATCCTCT	TAGCATGGAATAATNNAATA	2	78	Non-rizospheric21	Non-rizospheric2	Non-rizospheric	38	73	4.8	Dry	31.99	15.4	TCTGGACCTGGTGAGTTTCC	7	9.03	8.07	30.61	607.4	1.68	1	2.06	10.1	53.76	15.62	80	59	7	2	NR_L2_P1_T2_C7_2	Bulk soil	q0	2	q0 (species richness)	1.567196720274098	1.5671967202740964	9.136400505306284	14.318536907026619	130.81988783260468
3.10NR	GTAGAGGAAGAGTAGA	TAGCATGGAATAATNNAATA	3	47.9	Non-rizospheric23	Non-rizospheric2	Non-rizospheric	45	57	2.8	Dry	41	10.9	TCTGGACCTGGTGAGTTTCC	5	6.34	7.7	26.04	554.5	2.4	3	1.92	7.2	59.94	14.01	70	65	10	2	NR_L3_P3_T2_C10_2	Bulk soil	q0	1	q0 (species richness)	0	0	0	0	0
3.16RI	AGGCAGAATATCCTCT	TAGCATGGAATAATNNAATA	3	91.5	Rizospheric22	Rizospheric2	Rizospheric	58	70	2.4	Dry	36	12.9	TCTGGACCTGGTGAGTTTCC	8	5.17	7.6	28.86	590.4	1.81	2	1.77	10.5	59.04	12.09	25	49	16	2	RI_L3_P2_T3_C16_2	Rhizosphere	q0	6	q0 (species richness)	27.638942918284034	26.769463798917588	6.363353250248283	175.87635725248947	1119.163389564457
3.4NR	CGAGGCTGCTCTCTAT	TAGCATGGAATAATNNAATA	3	48.2	Non-rizospheric33	Non-rizospheric3	Non-rizospheric	41	44	2	Extreme_dry	41	8.8	TCTGGACCTGGTGAGTTTCC	5	6.34	7.7	26.04	554.5	2.4	3	1.92	10.8	59.94	14.01	90	58	4	2	NR_L3_P3_T3_C4_2	Bulk soil	q0	8	q0 (species richness)	30.97743395277302	27.0636721764886	10.749032495777467	332.9774441941574	3579.1853680039258
3.7NR	CGAGGCTGAGAGTAGA	TAGCATGGAATAATNNAATA	3	186.6	Non-rizospheric12	Non-rizospheric1	Non-rizospheric	52	84	8.4	Wet	36	74	TCTGGACCTGGTGAGTTTCC	9	5.17	7.6	28.86	590.4	1.81	2	1.77	23.1	59.04	12.09	44.44	60	7	2	NR_L3_P2_T1_C7_2	Bulk soil	q0	11	q0 (species richness)	20.21576799405252	18.09206066156975	14.61724598171495	295.4988534783459	4319.379428607726
4.12NR	GTAGAGGAAAGGAGTA	TAGCATGGAATAATNNAATA	4	178.4	Non-rizospheric12	Non-rizospheric1	Non-rizospheric	48	83	6.8	Wet	36	67	TCTGGACCTGGTGAGTTTCC	9	5.17	7.6	28.86	590.4	1.81	2	1.77	19.9	59.04	12.09	85.71	67	12	2	NR_L4_P2_T1_C12_2	Bulk soil	q0	3	q0 (species richness)	3.6874015429580695	3.6796541181076603	8.699880984339298	32.0799545652043	279.09178670028956
4.16RI	AGGCAGAAAGAGTAGA	TAGCATGGAATAATNNAATA	4	75.7	Rizospheric21	Rizospheric2	Rizospheric	41	56	3.6	Dry	41	19.5	TCTGGACCTGGTGAGTTTCC	9	6.34	7.7	26.04	554.5	2.4	1	1.92	8.8	59.94	14.01	80	50	16	2	RI_L4_P1_T2_C16_2	Rhizosphere	q0	6	q0 (species richness)	17.95140020093954	17.408593642580563	7.790761711362241	139.8550813508202	1089.5776129274213
4.1NR	GGACTCCTACTGCATA	TAGCATGGAATAATNNAATA	4	172.7	Non-rizospheric13	Non-rizospheric1	Non-rizospheric	55	81	8.8	Wet	41	57	TCTGGACCTGGTGAGTTTCC	9	6.34	7.7	26.04	554.5	2.4	3	1.92	25.2	59.94	14.01	70	54	1	2	NR_L4_P3_T1_C1_2	Bulk soil	q0	29	q0 (species richness)	41.87690381929709	32.44321360479831	26.213936249481023	1097.7584870447024	28776.570996716564
5.8NR	AAGAGGCAAGAGTAGA	TAGCATGGAATAATNNAATA	5	35.5	Non-rizospheric33	Non-rizospheric3	Non-rizospheric	43	45	1.2	Extreme_dry	41	7.5	TCTGGACCTGGTGAGTTTCC	6	6.34	7.7	26.04	554.5	2.4	3	1.92	6.2	59.94	14.01	80	62	8	2	NR_L5_P3_T3_C8_2	Bulk soil	q0	6	q0 (species richness)	33.488919389521996	29.7968920277675	8.038461095154599	269.19937563144106	2163.948707853248
6.16RI	TCCTGAGCAGAGTAGA	TAGCATGGAATAATNNAATA	6	91.5	Rizospheric11	Rizospheric1	Rizospheric	58	70	2.4	Wet	36	12.9	TCTGGACCTGGTGAGTTTCC	8	5.17	7.6	28.86	590.4	1.81	1	1.77	10.5	59.04	12.09	25	51	16	2	RI_L6_P1_T1_C16_2	Rhizosphere	q0	5	q0 (species richness)	10.443820355457927	10.299931576780347	8.328377143636958	86.9800747406462	724.4028664218322
7.1NR	TAGGCATGACTGCATA	TAGCATGGAATAATNNAATA	7	166	Non-rizospheric11	Non-rizospheric1	Non-rizospheric	60	88	5.6	Wet	31.99	48.9	TCTGGACCTGGTGAGTTTCC	11	9.03	8.07	30.61	607.4	1.68	1	2.06	26	53.76	15.62	50	55	1	2	NR_L7_P1_T1_C1_2	Bulk soil	q0	24	q0 (species richness)	41.39223105395931	33.76030141543174	22.663989646428234	938.113096049499	21261.38549604458
7.9NR	AAGAGGCACTAAGCCT	TAGCATGGAATAATNNAATA	7	96.4	Non-rizospheric21	Non-rizospheric2	Non-rizospheric	52	75	4	Dry	31.99	24.8	TCTGGACCTGGTGAGTTTCC	9	9.03	8.07	30.61	607.4	1.68	1	2.06	14.9	53.76	15.62	70	63	9	2	NR_L7_P1_T2_C9_2	Bulk soil	q0	3	q0 (species richness)	2.261268590174954	2.116674932565104	15.341275265797355	34.690743891775476	532.2002512190058
2.14NR	GGACTCCTACTGCATA	TAGCATGGAATAATNNAATA	2	66.3	Non-rizospheric22	Non-rizospheric2	Non-rizospheric	38	59	2.8	Dry	36	15.2	TCTGGACCTGGTGAGTTTCC	9	5.17	7.6	28.86	590.4	1.81	2	1.77	7.1	59.04	12.09	70	72	14	2	NR_L2_P2_T2_C14_2	Bulk soil	q0	8	q0 (species richness)	26.22130646900455	24.76276707119499	9.007620156638232	236.19156868359386	2127.5239349023436
2.15NR	CGAGGCTGTAGATCGC	TAGCATGGAATAATNNAATA	2	78.4	Non-rizospheric22	Non-rizospheric2	Non-rizospheric	39	51	2.4	Dry	36	16	TCTGGACCTGGTGAGTTTCC	7	5.17	7.6	28.86	590.4	1.81	2	1.77	12.3	59.04	12.09	62.5	75	15	2	NR_L2_P2_T2_C15_2	Bulk soil	q0	7	q0 (species richness)	13.780938106084628	12.418985504127528	13.433867418692198	185.13129542234407	2487.0292777545083
2.15RO	TAAGGCGATAGATCGC	TAGCATGGAATAATNNAATA	2	78.4	Roots22	Roots2	Roots	39	51	2.4	Dry	36	16	TCTGGACCTGGTGAGTTTCC	7	5.17	7.6	28.86	590.4	1.81	2	1.77	12.3	59.04	12.09	62.5	21	15	2	RO_L2_P2_T2_C15_2	Roots	q0	5	q0 (species richness)	21.256009689882504	20.25237099876109	5.965726419805255	126.80753858656855	756.4990831763663
2.16NR	CGAGGCTGCTCTCTAT	TAGCATGGAATAATNNAATA	2	75.7	Non-rizospheric23	Non-rizospheric2	Non-rizospheric	41	56	3.6	Dry	41	19.5	TCTGGACCTGGTGAGTTTCC	9	6.34	7.7	26.04	554.5	2.4	3	1.92	8.8	59.94	14.01	80	76	16	2	NR_L2_P3_T2_C16_2	Bulk soil	q0	3	q0 (species richness)	2.0583659558573424	2.0547964540451873	11.644269083257393	23.968167061819205	279.09178670028956
2.16RO	AGGCAGAATATCCTCT	TAGCATGGAATAATNNAATA	2	75.7	Roots23	Roots2	Roots	41	56	3.6	Dry	41	19.5	TCTGGACCTGGTGAGTTTCC	9	6.34	7.7	26.04	554.5	2.4	3	1.92	8.8	59.94	14.01	80	22	16	2	RO_L2_P3_T2_C16_2	Roots	q0	6	q0 (species richness)	28.576266388681944	27.681397618628445	6.5755861720728825	187.90570211488807	1235.5901364803044
3.14NR	TAGGCATGACTGCATA	TAGCATGGAATAATNNAATA	3	39	Non-rizospheric31	Non-rizospheric3	Non-rizospheric	52	40	1.6	Extreme_dry	31.99	8.5	TCTGGACCTGGTGAGTTTCC	5	9.03	8.07	30.61	607.4	1.68	1	2.06	6.5	53.76	15.62	40	73	14	2	NR_L3_P1_T3_C14_2	Bulk soil	q0	11	q0 (species richness)	24.815076613245093	22.277548514098736	14.305498908514354	354.99205140547775	5078.338403912334
3.16NR	CGAGGCTGTATCCTCT	TAGCATGGAATAATNNAATA	3	91.5	Non-rizospheric22	Non-rizospheric2	Non-rizospheric	58	70	2.4	Dry	36	12.9	TCTGGACCTGGTGAGTTTCC	8	5.17	7.6	28.86	590.4	1.81	2	1.77	10.5	59.04	12.09	25	77	16	2	NR_L3_P2_T2_C16_2	Bulk soil	q0	3	q0 (species richness)	5.869947769087335	5.629171281277318	7.884817624100507	46.283467622249276	364.93670121239626
3.16RO	AGGCAGAAAGAGTAGA	TAGCATGGAATAATNNAATA	3	91.5	Roots22	Roots2	Roots	58	70	2.4	Dry	36	12.9	TCTGGACCTGGTGAGTTTCC	8	5.17	7.6	28.86	590.4	1.81	2	1.77	10.5	59.04	12.09	25	23	16	2	RO_L3_P2_T2_C16_2	Roots	q0	3	q0 (species richness)	32.42252199155335	32.422521991553324	2.8287760811225318	91.71605469937539	259.4441817885189
4.16NR	CGAGGCTGAGAGTAGA	TAGCATGGAATAATNNAATA	4	75.7	Non-rizospheric21	Non-rizospheric2	Non-rizospheric	41	56	3.6	Dry	41	19.5	TCTGGACCTGGTGAGTTTCC	9	6.34	7.7	26.04	554.5	2.4	1	1.92	8.8	59.94	14.01	80	78	16	2	NR_L4_P1_T2_C16_2	Bulk soil	q0	2	q0 (species richness)	0.46513145666588773	0.4651314566658903	16.77061659631484	7.800541326629034	130.81988783260468
4.18NR	AAGAGGCAAGAGTAGA	TAGCATGGAATAATNNAATA	4	152.4	Non-rizospheric13	Non-rizospheric1	Non-rizospheric	59	85	8	Wet	41	39.2	TCTGGACCTGGTGAGTTTCC	10	6.34	7.7	26.04	554.5	2.4	3	1.92	22.4	59.94	14.01	60	80	18	2	NR_L4_P3_T1_C18_2	Bulk soil	q0	4	q0 (species richness)	7.548738595415873	7.174936949037316	9.204425156246472	69.48179942557452	639.5400225340298
5.14NR	TAGGCATGAAGGAGTA	TAGCATGGAATAATNNAATA	5	39.7	Non-rizospheric32	Non-rizospheric3	Non-rizospheric	23	38	1.6	Extreme_dry	36	12.6	TCTGGACCTGGTGAGTTTCC	5	5.17	7.6	28.86	590.4	1.81	2	1.77	6.3	59.04	12.09	70	74	14	2	NR_L5_P2_T3_C14_2	Bulk soil	q0	1	q0 (species richness)	0	0	0	0	0
6.16NR	AAGAGGCACTCTCTAT	TAGCATGGAATAATNNAATA	6	91.5	Non-rizospheric11	Non-rizospheric1	Non-rizospheric	58	70	2.4	Wet	36	12.9	TCTGGACCTGGTGAGTTTCC	8	5.17	7.6	28.86	590.4	1.81	1	1.77	10.5	59.04	12.09	25	79	16	2	NR_L6_P1_T1_C16_2	Bulk soil	q0	1	q0 (species richness)	0	0	0	0	0
7.23NR	AAGAGGCACTAAGCCT	TAGCATGGAATAATNNAATA	7	67.1	Non-rizospheric23	Non-rizospheric2	Non-rizospheric	46	67	5.6	Dry	41	15.6	TCTGGACCTGGTGAGTTTCC	6	6.34	7.7	26.04	554.5	2.4	3	1.92	11.6	59.94	14.01	83.33	81	23	2	NR_L7_P3_T2_C23_2	Bulk soil	q0	1	q0 (species richness)	0	0	0	0	0
1.2RO	TAAGGCGATATCCTCT	TAGCATGGAATAATNNAATA	1	36.2	Roots32	Roots3	Roots	37	45	3.2	Extreme_dry	36	10.7	TCTGGACCTGGTGAGTTTCC	5	5.17	7.6	28.86	590.4	1.81	2	1.77	9.9	59.04	12.09	40	3	2	2	RO_L1_P2_T3_C2_2	Roots	q1	7.923776434009351	q1 (typical species)	53.57829883769369	41.1822238531395	10.554611898120744	565.4981503933906	5968.613506507354
1.8RO	TAAGGCGACTAAGCCT	TAGCATGGAATAATNNAATA	1	39	Roots31	Roots3	Roots	36	37	1.6	Extreme_dry	31.99	8.1	TCTGGACCTGGTGAGTTTCC	6	9.03	8.07	30.61	607.4	1.68	1	2.06	8.5	53.76	15.62	28.57	8	8	2	RO_L1_P1_T3_C8_2	Roots	q1	4.430655557586402	q1 (typical species)	18.140217811607567	15.343174890112143	20.330134547122267	368.79306882408565	7497.612709239784
2.10RO	CGTACTAGTATCCTCT	TAGCATGGAATAATNNAATA	2	53.4	Roots32	Roots3	Roots	41	49	1.6	Extreme_dry	36	13.5	TCTGGACCTGGTGAGTTTCC	6	5.17	7.6	28.86	590.4	1.81	2	1.77	6.2	59.04	12.09	62.5	11	10	2	RO_L2_P2_T3_C10_2	Roots	q1	5.88052644392745	q1 (typical species)	26.82236705160281	22.995015304161647	16.128856007124803	432.6140959455504	6977.5704601582565
2.14RO	AGGCAGAACTCTCTAT	TAGCATGGAATAATNNAATA	2	66.3	Roots22	Roots2	Roots	38	59	2.8	Dry	36	15.2	TCTGGACCTGGTGAGTTTCC	9	5.17	7.6	28.86	590.4	1.81	2	1.77	7.1	59.04	12.09	70	18	14	2	RO_L2_P2_T2_C14_2	Roots	q1	2.0455072338239337	q1 (typical species)	7.620664746436024	6.432575879838358	31.23450495512698	238.02769078391748	7434.677087247703
2.3RO	TAAGGCGAAGAGTAGA	TAGCATGGAATAATNNAATA	2	39.2	Roots31	Roots3	Roots	43	46	2	Extreme_dry	31.99	4.8	TCTGGACCTGGTGAGTTTCC	5	9.03	8.07	30.61	607.4	1.68	1	2.06	10.6	53.76	15.62	50	4	3	2	RO_L2_P1_T3_C3_2	Roots	q1	8.766847200643241	q1 (typical species)	46.31531893567529	34.64287939031324	15.447571715329657	715.4592107772097	11052.107467874104
2.7RO	TAAGGCGAACTGCATA	TAGCATGGAATAATNNAATA	2	78	Roots21	Roots2	Roots	38	73	4.8	Dry	31.99	15.4	TCTGGACCTGGTGAGTTTCC	7	9.03	8.07	30.61	607.4	1.68	1	2.06	10.1	53.76	15.62	80	6	7	2	RO_L2_P1_T2_C7_2	Roots	q1	2.1554143153246335	q1 (typical species)	8.402928173346307	6.628738529745672	25.07544931715388	210.70719952642975	5283.577702484419
3.14RO	AGGCAGAATATCCTCT	TAGCATGGAATAATNNAATA	3	39	Roots31	Roots3	Roots	52	40	1.6	Extreme_dry	31.99	8.5	TCTGGACCTGGTGAGTTTCC	5	9.03	8.07	30.61	607.4	1.68	1	2.06	6.5	53.76	15.62	40	19	14	2	RO_L3_P1_T3_C14_2	Roots	q1	14.97465034205611	q1 (typical species)	38.81031514099604	27.992004222348235	34.221273625394915	1328.1384139278327	45450.58807542237
3.7RO	TAAGGCGAAAGGAGTA	TAGCATGGAATAATNNAATA	3	186.6	Roots12	Roots1	Roots	52	84	8.4	Wet	36	74	TCTGGACCTGGTGAGTTTCC	9	5.17	7.6	28.86	590.4	1.81	2	1.77	23.1	59.04	12.09	44.44	7	7	2	RO_L3_P2_T1_C7_2	Roots	q1	5.320591515111859	q1 (typical species)	28.697109254884634	23.372088239807198	11.848364707607352	340.0138165059274	4028.607703587713
4.12RO	CGTACTAGACTGCATA	TAGCATGGAATAATNNAATA	4	178.4	Roots12	Roots1	Roots	48	83	6.8	Wet	36	67	TCTGGACCTGGTGAGTTTCC	9	5.17	7.6	28.86	590.4	1.81	2	1.77	19.9	59.04	12.09	85.71	14	12	2	RO_L4_P2_T1_C12_2	Roots	q1	4.899430159968045	q1 (typical species)	10.639286061237776	8.84893403112892	16.28389234445926	173.24898884310196	2821.167883107496
4.16RO	TCCTGAGCAGAGTAGA	TAGCATGGAATAATNNAATA	4	75.7	Roots21	Roots2	Roots	41	56	3.6	Dry	41	19.5	TCTGGACCTGGTGAGTTTCC	9	6.34	7.7	26.04	554.5	2.4	1	1.92	8.8	59.94	14.01	80	24	16	2	RO_L4_P1_T2_C16_2	Roots	q1	5.150149718744956	q1 (typical species)	27.81699285510889	21.774917105919144	17.272721535195224	480.475171532811	8299.113842461404
4.1RO	TAAGGCGATAGATCGC	TAGCATGGAATAATNNAATA	4	172.7	Roots13	Roots1	Roots	55	81	8.8	Wet	41	57	TCTGGACCTGGTGAGTTTCC	9	6.34	7.7	26.04	554.5	2.4	3	1.92	25.2	59.94	14.01	70	1	1	2	RO_L4_P3_T1_C1_2	Roots	q1	2.933466116052321	q1 (typical species)	21.46390907768718	19.901733713042912	17.006173053451324	365.018952178693	6207.575468540325
5.14RO	AGGCAGAAAGAGTAGA	TAGCATGGAATAATNNAATA	5	39.7	Roots32	Roots3	Roots	23	38	1.6	Extreme_dry	36	12.6	TCTGGACCTGGTGAGTTTCC	5	5.17	7.6	28.86	590.4	1.81	2	1.77	6.3	59.04	12.09	70	20	14	2	RO_L5_P2_T3_C14_2	Roots	q1	6.181861788473954	q1 (typical species)	30.542480644307368	25.97940619759513	19.73637320644851	602.7977966467801	11897.042282645707
5.8RO	CGTACTAGTAGATCGC	TAGCATGGAATAATNNAATA	5	35.5	Roots33	Roots3	Roots	43	45	1.2	Extreme_dry	41	7.5	TCTGGACCTGGTGAGTTTCC	6	6.34	7.7	26.04	554.5	2.4	3	1.92	6.2	59.94	14.01	80	9	8	2	RO_L5_P3_T3_C8_2	Roots	q1	10.588367935391558	q1 (typical species)	33.975319301090316	25.391764572887382	20.292398407192614	689.4407152693057	13990.405672384595
6.13RO	AGGCAGAATAGATCGC	TAGCATGGAATAATNNAATA	6	222.2	Roots13	Roots1	Roots	67	82	20.8	Wet	41	79.5	TCTGGACCTGGTGAGTTTCC	9	6.34	7.7	26.04	554.5	2.4	3	1.92	33.5	59.94	14.01	90	17	13	2	RO_L6_P3_T1_C13_2	Roots	q1	1.6086094791894172	q1 (typical species)	6.650902414242207	5.203040581671948	45.226077099306195	300.7942253664798	13603.742827450498
7.1RO	TAAGGCGACTCTCTAT	TAGCATGGAATAATNNAATA	7	166	Roots11	Roots1	Roots	60	88	5.6	Wet	31.99	48.9	TCTGGACCTGGTGAGTTTCC	11	9.03	8.07	30.61	607.4	1.68	1	2.06	26	53.76	15.62	50	2	1	2	RO_L7_P1_T1_C1_2	Roots	q1	3.8685907764472756	q1 (typical species)	21.31497698031542	19.219585657153207	6.234720708668245	132.8929283839595	828.5502926310384
7.23RO	GGACTCCTACTGCATA	TAGCATGGAATAATNNAATA	7	67.1	Roots23	Roots2	Roots	46	67	5.6	Dry	41	15.6	TCTGGACCTGGTGAGTTTCC	6	6.34	7.7	26.04	554.5	2.4	3	1.92	11.6	59.94	14.01	83.33	27	23	2	RO_L7_P3_T2_C23_2	Roots	q1	1.5963611550903187	q1 (typical species)	4.478259694700256	4.0948568399085055	10.966893960630992	49.11259919994543	538.6126675567721
7.9RO	CGTACTAGCTCTCTAT	TAGCATGGAATAATNNAATA	7	96.4	Roots21	Roots2	Roots	52	75	4	Dry	31.99	24.8	TCTGGACCTGGTGAGTTTCC	9	9.03	8.07	30.61	607.4	1.68	1	2.06	14.9	53.76	15.62	70	10	9	2	RO_L7_P1_T2_C9_2	Roots	q1	2.4114106862204525	q1 (typical species)	9.658633425655417	7.913305729582618	26.410181650381684	255.08626326600788	6736.874549372352
1.8RI	GGACTCCTACTGCATA	TAGCATGGAATAATNNAATA	1	39	Rizospheric31	Rizospheric3	Rizospheric	36	37	1.6	Extreme_dry	31.99	8.1	TCTGGACCTGGTGAGTTTCC	6	9.03	8.07	30.61	607.4	1.68	1	2.06	8.5	53.76	15.62	28.57	34	8	2	RI_L1_P1_T3_C8_2	Rhizosphere	q1	4.044943283647321	q1 (typical species)	34.75046184332995	32.90283628463406	20.985874757580333	729.2688400121966	15304.344541101847
2.10RI	CGAGGCTGTAGATCGC	TAGCATGGAATAATNNAATA	2	53.4	Rizospheric32	Rizospheric3	Rizospheric	41	49	1.6	Extreme_dry	36	13.5	TCTGGACCTGGTGAGTTTCC	6	5.17	7.6	28.86	590.4	1.81	2	1.77	6.2	59.04	12.09	62.5	37	10	2	RI_L2_P2_T3_C10_2	Rhizosphere	q1	3.430307361701528	q1 (typical species)	24.591511901242196	22.33058322344981	27.573771782508807	678.0807369517016	18697.243490821606
2.11RI	CGAGGCTGTATCCTCT	TAGCATGGAATAATNNAATA	2	139.8	Rizospheric12	Rizospheric1	Rizospheric	53	71	2	Wet	36	44.1	TCTGGACCTGGTGAGTTTCC	10	5.17	7.6	28.86	590.4	1.81	2	1.77	17.1	59.04	12.09	50	39	11	2	RI_L2_P2_T1_C11_2	Rhizosphere	q1	1.2750192947144432	q1 (typical species)	4.841647010482943	4.58050802095425	43.27119812766951	209.5038670548462	9065.483339843182
2.13RI	AAGAGGCACTCTCTAT	TAGCATGGAATAATNNAATA	2	42.2	Rizospheric33	Rizospheric3	Rizospheric	30	46	2.4	Extreme_dry	41	10.2	TCTGGACCTGGTGAGTTTCC	6	6.34	7.7	26.04	554.5	2.4	3	1.92	9	59.94	14.01	50	41	13	2	RI_L2_P3_T3_C13_2	Rhizosphere	q1	1.564977165744452	q1 (typical species)	10.343630255223067	9.18862433949312	32.18839451944359	332.94485141837305	10716.96023067212
2.14RI	GTAGAGGACTCTCTAT	TAGCATGGAATAATNNAATA	2	66.3	Rizospheric22	Rizospheric2	Rizospheric	38	59	2.8	Dry	36	15.2	TCTGGACCTGGTGAGTTTCC	9	5.17	7.6	28.86	590.4	1.81	2	1.77	7.1	59.04	12.09	70	44	14	2	RI_L2_P2_T2_C14_2	Rhizosphere	q1	2.5709507438695267	q1 (typical species)	18.367077594084233	16.554335857777932	57.37924613932318	1053.889066131007	60471.36012907249
2.3RI	AGGCAGAAAGAGTAGA	TAGCATGGAATAATNNAATA	2	39.2	Rizospheric31	Rizospheric3	Rizospheric	43	46	2	Extreme_dry	31.99	4.8	TCTGGACCTGGTGAGTTTCC	5	9.03	8.07	30.61	607.4	1.68	1	2.06	10.6	53.76	15.62	50	30	3	2	RI_L2_P1_T3_C3_2	Rhizosphere	q1	27.08796791268194	q1 (typical species)	50.01537749473675	36.82240344817264	61.744203032384846	3088.1596227763976	190675.95474511888
3.10RI	CGAGGCTGCTCTCTAT	TAGCATGGAATAATNNAATA	3	47.9	Rizospheric23	Rizospheric2	Rizospheric	45	57	2.8	Dry	41	10.9	TCTGGACCTGGTGAGTTTCC	5	6.34	7.7	26.04	554.5	2.4	3	1.92	7.2	59.94	14.01	70	38	10	2	RI_L3_P3_T2_C10_2	Rhizosphere	q1	2.162206486408486	q1 (typical species)	15.248917506716035	13.896539675046471	44.26688734119875	675.0221133450322	29881.12784426243
3.13RI	AAGAGGCAAGAGTAGA	TAGCATGGAATAATNNAATA	3	150.7	Rizospheric11	Rizospheric1	Rizospheric	69	67	8	Wet	31.99	53	TCTGGACCTGGTGAGTTTCC	11	9.03	8.07	30.61	607.4	1.68	1	2.06	19.6	53.76	15.62	33.33	42	13	2	RI_L3_P1_T1_C13_2	Rhizosphere	q1	2.001886989033824	q1 (typical species)	16.345484509861926	14.714304696897933	39.38719559026662	643.802795407605	25357.586624279742
3.14RI	GTAGAGGAAGAGTAGA	TAGCATGGAATAATNNAATA	3	39	Rizospheric31	Rizospheric3	Rizospheric	52	40	1.6	Extreme_dry	31.99	8.5	TCTGGACCTGGTGAGTTTCC	5	9.03	8.07	30.61	607.4	1.68	1	2.06	6.5	53.76	15.62	40	45	14	2	RI_L3_P1_T3_C14_2	Rhizosphere	q1	2.704250265383451	q1 (typical species)	26.110219385624134	22.30690315893703	31.72378886038561	828.3150868878873	26277.2929263033
3.4RI	TCCTGAGCAGAGTAGA	TAGCATGGAATAATNNAATA	3	48.2	Rizospheric33	Rizospheric3	Rizospheric	41	44	2	Extreme_dry	41	8.8	TCTGGACCTGGTGAGTTTCC	5	6.34	7.7	26.04	554.5	2.4	3	1.92	10.8	59.94	14.01	90	31	4	2	RI_L3_P3_T3_C4_2	Rhizosphere	q1	5.2106208785104435	q1 (typical species)	40.512497349682334	34.20299219098076	24.49532680708124	992.3668623514815	24308.350605817344
4.12RI	CGAGGCTGAGAGTAGA	TAGCATGGAATAATNNAATA	4	178.4	Rizospheric12	Rizospheric1	Rizospheric	48	83	6.8	Wet	36	67	TCTGGACCTGGTGAGTTTCC	9	5.17	7.6	28.86	590.4	1.81	2	1.77	19.9	59.04	12.09	85.71	40	12	2	RI_L4_P2_T1_C12_2	Rhizosphere	q1	1.9188795540798653	q1 (typical species)	15.186996917546416	13.449648955167005	40.184275285014934	610.2784648873585	24523.59783354993
4.1RI	TAAGGCGATAGATCGC	TAGCATGGAATAATNNAATA	4	172.7	Rizospheric13	Rizospheric1	Rizospheric	55	81	8.8	Wet	41	57	TCTGGACCTGGTGAGTTTCC	9	6.34	7.7	26.04	554.5	2.4	3	1.92	25.2	59.94	14.01	70	28	1	2	RI_L4_P3_T1_C1_2	Rhizosphere	q1	5.5553922113033645	q1 (typical species)	30.15260401390576	24.99317299959397	24.484784871421862	738.2800225936538	18076.62752807409
5.14RI	GTAGAGGAACTGCATA	TAGCATGGAATAATNNAATA	5	39.7	Rizospheric32	Rizospheric3	Rizospheric	23	38	1.6	Extreme_dry	36	12.6	TCTGGACCTGGTGAGTTTCC	5	5.17	7.6	28.86	590.4	1.81	2	1.77	6.3	59.04	12.09	70	46	14	2	RO_L5_P2_T3_C14_2	Rhizosphere	q1	2.5182079181276324	q1 (typical species)	19.222666558822784	17.33380517551153	32.83005695283561	631.0812379115206	20718.432982501217
5.8RI	TAGGCATGACTGCATA	TAGCATGGAATAATNNAATA	5	35.5	Rizospheric33	Rizospheric3	Rizospheric	43	45	1.2	Extreme_dry	41	7.5	TCTGGACCTGGTGAGTTTCC	6	6.34	7.7	26.04	554.5	2.4	3	1.92	6.2	59.94	14.01	80	35	8	2	RI_L5_P3_T3_C8_2	Rhizosphere	q1	3.0309733722040018	q1 (typical species)	25.014365062039204	23.1760529720441	33.14868777557806	829.1933773458659	27486.672371215194
6.13RI	AAGAGGCACTAAGCCT	TAGCATGGAATAATNNAATA	6	222.2	Rizospheric13	Rizospheric1	Rizospheric	67	82	20.8	Wet	41	79.5	TCTGGACCTGGTGAGTTTCC	9	6.34	7.7	26.04	554.5	2.4	3	1.92	33.5	59.94	14.01	90	43	13	2	RI_L6_P3_T1_C13_2	Rhizosphere	q1	1.5439124090462086	q1 (typical species)	8.950907319479015	8.18329454190996	45.63453129872118	408.4704602227176	18640.35800163665
7.1RI	CGTACTAGCTCTCTAT	TAGCATGGAATAATNNAATA	7	166	Rizospheric11	Rizospheric1	Rizospheric	60	88	5.6	Wet	31.99	48.9	TCTGGACCTGGTGAGTTTCC	11	9.03	8.07	30.61	607.4	1.68	1	2.06	26	53.76	15.62	50	29	1	2	RI_L7_P1_T1_C1_2	Rhizosphere	q1	2.6683551635273735	q1 (typical species)	25.094754721851587	23.50362599096574	30.35071507637917	761.6437504745384	23116.432460357544
7.9RI	TAGGCATGAAGGAGTA	TAGCATGGAATAATNNAATA	7	96.4	Rizospheric21	Rizospheric2	Rizospheric	52	75	4	Dry	31.99	24.8	TCTGGACCTGGTGAGTTTCC	9	9.03	8.07	30.61	607.4	1.68	1	2.06	14.9	53.76	15.62	70	36	9	2	RI_L7_P1_T2_C9_2	Rhizosphere	q1	1.9601753128774908	q1 (typical species)	16.337665680920146	14.874334145978485	23.347620799052994	381.4456230598255	8905.8477626593085
1.2NR	TAGGCATGAAGGAGTA	TAGCATGGAATAATNNAATA	1	36.2	Non-rizospheric32	Non-rizospheric3	Non-rizospheric	37	45	3.2	Extreme_dry	36	10.7	TCTGGACCTGGTGAGTTTCC	5	5.17	7.6	28.86	590.4	1.81	2	1.77	9.9	59.04	12.09	40	56	2	2	NR_L1_P2_T3_C2_2	Bulk soil	q1	1.0685347728254524	q1 (typical species)	1.365700302691847	1.3653777570958483	13.934615799302312	19.030509015001762	265.1828315892086
1.8NR	AAGAGGCACTCTCTAT	TAGCATGGAATAATNNAATA	1	39	Non-rizospheric31	Non-rizospheric3	Non-rizospheric	36	37	1.6	Extreme_dry	31.99	8.1	TCTGGACCTGGTGAGTTTCC	6	9.03	8.07	30.61	607.4	1.68	1	2.06	8.5	53.76	15.62	28.57	61	8	2	NR_L1_P1_T3_C8_2	Bulk soil	q1	1.033790943078361	q1 (typical species)	0.6881612786283915	0.6881612786283907	13.729725486341485	9.44826544589757	129.72209089425948
2.10NR	GTAGAGGACTCTCTAT	TAGCATGGAATAATNNAATA	2	53.4	Non-rizospheric32	Non-rizospheric3	Non-rizospheric	41	49	1.6	Extreme_dry	36	13.5	TCTGGACCTGGTGAGTTTCC	6	5.17	7.6	28.86	590.4	1.81	2	1.77	6.2	59.04	12.09	62.5	64	10	2	NR_L2_P2_T3_C10_2	Bulk soil	q1	1.5464831534686603	q1 (typical species)	11.179955166859841	10.549145057534325	7.408289311895823	82.82434237012224	613.586690345377
2.11NR	GTAGAGGAACTGCATA	TAGCATGGAATAATNNAATA	2	139.8	Non-rizospheric12	Non-rizospheric1	Non-rizospheric	53	71	2	Wet	36	44.1	TCTGGACCTGGTGAGTTTCC	10	5.17	7.6	28.86	590.4	1.81	2	1.77	17.1	59.04	12.09	50	66	11	2	NR_L2_P2_T1_C11_2	Bulk soil	q1	1.4156099406574367	q1 (typical species)	14.52346986093934	13.124394881385092	10.729269459118344	155.8262216194022	1671.9015205508585
2.15RI	TAAGGCGATAGATCGC	TAGCATGGAATAATNNAATA	2	78.4	Rizospheric22	Rizospheric2	Rizospheric	39	51	2.4	Dry	36	16	TCTGGACCTGGTGAGTTTCC	7	5.17	7.6	28.86	590.4	1.81	2	1.77	12.3	59.04	12.09	62.5	47	15	2	RI_L2_P2_T2_C15_2	Rhizosphere	q1	1.4584139647732304	q1 (typical species)	11.29441319562639	11.281918475534335	4.845525303853418	54.72736493158362	265.18283158920866
2.3NR	CGAGGCTGTAGATCGC	TAGCATGGAATAATNNAATA	2	39.2	Non-rizospheric31	Non-rizospheric3	Non-rizospheric	43	46	2	Extreme_dry	31.99	4.8	TCTGGACCTGGTGAGTTTCC	5	9.03	8.07	30.61	607.4	1.68	1	2.06	10.6	53.76	15.62	50	57	3	2	NR_L2_P1_T3_C3_2	Bulk soil	q1	2.763128936496893	q1 (typical species)	30.56163050380912	26.174216918880077	12.047895704337726	368.2033368643987	4436.075400531406
2.7NR	CGAGGCTGTATCCTCT	TAGCATGGAATAATNNAATA	2	78	Non-rizospheric21	Non-rizospheric2	Non-rizospheric	38	73	4.8	Dry	31.99	15.4	TCTGGACCTGGTGAGTTTCC	7	9.03	8.07	30.61	607.4	1.68	1	2.06	10.1	53.76	15.62	80	59	7	2	NR_L2_P1_T2_C7_2	Bulk soil	q1	1.0677576480224205	q1 (typical species)	1.567196720274098	1.5671967202740964	9.136400505306284	14.318536907026619	130.81988783260468
3.10NR	GTAGAGGAAGAGTAGA	TAGCATGGAATAATNNAATA	3	47.9	Non-rizospheric23	Non-rizospheric2	Non-rizospheric	45	57	2.8	Dry	41	10.9	TCTGGACCTGGTGAGTTTCC	5	6.34	7.7	26.04	554.5	2.4	3	1.92	7.2	59.94	14.01	70	65	10	2	NR_L3_P3_T2_C10_2	Bulk soil	q1	1	q1 (typical species)	0	0	0	0	0
3.16RI	AGGCAGAATATCCTCT	TAGCATGGAATAATNNAATA	3	91.5	Rizospheric22	Rizospheric2	Rizospheric	58	70	2.4	Dry	36	12.9	TCTGGACCTGGTGAGTTTCC	8	5.17	7.6	28.86	590.4	1.81	2	1.77	10.5	59.04	12.09	25	49	16	2	RI_L3_P2_T3_C16_2	Rhizosphere	q1	2.452137392584838	q1 (typical species)	27.638942918284034	26.769463798917588	6.363353250248283	175.87635725248947	1119.163389564457
3.4NR	CGAGGCTGCTCTCTAT	TAGCATGGAATAATNNAATA	3	48.2	Non-rizospheric33	Non-rizospheric3	Non-rizospheric	41	44	2	Extreme_dry	41	8.8	TCTGGACCTGGTGAGTTTCC	5	6.34	7.7	26.04	554.5	2.4	3	1.92	10.8	59.94	14.01	90	58	4	2	NR_L3_P3_T3_C4_2	Bulk soil	q1	2.2355481364707046	q1 (typical species)	30.97743395277302	27.0636721764886	10.749032495777467	332.9774441941574	3579.1853680039258
3.7NR	CGAGGCTGAGAGTAGA	TAGCATGGAATAATNNAATA	3	186.6	Non-rizospheric12	Non-rizospheric1	Non-rizospheric	52	84	8.4	Wet	36	74	TCTGGACCTGGTGAGTTTCC	9	5.17	7.6	28.86	590.4	1.81	2	1.77	23.1	59.04	12.09	44.44	60	7	2	NR_L3_P2_T1_C7_2	Bulk soil	q1	2.3172739363424895	q1 (typical species)	20.21576799405252	18.09206066156975	14.61724598171495	295.4988534783459	4319.379428607726
4.12NR	GTAGAGGAAAGGAGTA	TAGCATGGAATAATNNAATA	4	178.4	Non-rizospheric12	Non-rizospheric1	Non-rizospheric	48	83	6.8	Wet	36	67	TCTGGACCTGGTGAGTTTCC	9	5.17	7.6	28.86	590.4	1.81	2	1.77	19.9	59.04	12.09	85.71	67	12	2	NR_L4_P2_T1_C12_2	Bulk soil	q1	1.1627794459751792	q1 (typical species)	3.6874015429580695	3.6796541181076603	8.699880984339298	32.0799545652043	279.09178670028956
4.16RI	AGGCAGAAAGAGTAGA	TAGCATGGAATAATNNAATA	4	75.7	Rizospheric21	Rizospheric2	Rizospheric	41	56	3.6	Dry	41	19.5	TCTGGACCTGGTGAGTTTCC	9	6.34	7.7	26.04	554.5	2.4	1	1.92	8.8	59.94	14.01	80	50	16	2	RI_L4_P1_T2_C16_2	Rhizosphere	q1	1.8765297649718395	q1 (typical species)	17.95140020093954	17.408593642580563	7.790761711362241	139.8550813508202	1089.5776129274213
4.1NR	GGACTCCTACTGCATA	TAGCATGGAATAATNNAATA	4	172.7	Non-rizospheric13	Non-rizospheric1	Non-rizospheric	55	81	8.8	Wet	41	57	TCTGGACCTGGTGAGTTTCC	9	6.34	7.7	26.04	554.5	2.4	3	1.92	25.2	59.94	14.01	70	54	1	2	NR_L4_P3_T1_C1_2	Bulk soil	q1	14.551558641587365	q1 (typical species)	41.87690381929709	32.44321360479831	26.213936249481023	1097.7584870447024	28776.570996716564
5.8NR	AAGAGGCAAGAGTAGA	TAGCATGGAATAATNNAATA	5	35.5	Non-rizospheric33	Non-rizospheric3	Non-rizospheric	43	45	1.2	Extreme_dry	41	7.5	TCTGGACCTGGTGAGTTTCC	6	6.34	7.7	26.04	554.5	2.4	3	1.92	6.2	59.94	14.01	80	62	8	2	NR_L5_P3_T3_C8_2	Bulk soil	q1	2.1049519998677844	q1 (typical species)	33.488919389521996	29.7968920277675	8.038461095154599	269.19937563144106	2163.948707853248
6.16RI	TCCTGAGCAGAGTAGA	TAGCATGGAATAATNNAATA	6	91.5	Rizospheric11	Rizospheric1	Rizospheric	58	70	2.4	Wet	36	12.9	TCTGGACCTGGTGAGTTTCC	8	5.17	7.6	28.86	590.4	1.81	1	1.77	10.5	59.04	12.09	25	51	16	2	RI_L6_P1_T1_C16_2	Rhizosphere	q1	1.496394139907607	q1 (typical species)	10.443820355457927	10.299931576780347	8.328377143636958	86.9800747406462	724.4028664218322
7.1NR	TAGGCATGACTGCATA	TAGCATGGAATAATNNAATA	7	166	Non-rizospheric11	Non-rizospheric1	Non-rizospheric	60	88	5.6	Wet	31.99	48.9	TCTGGACCTGGTGAGTTTCC	11	9.03	8.07	30.61	607.4	1.68	1	2.06	26	53.76	15.62	50	55	1	2	NR_L7_P1_T1_C1_2	Bulk soil	q1	11.83917842353735	q1 (typical species)	41.39223105395931	33.76030141543174	22.663989646428234	938.113096049499	21261.38549604458
7.9NR	AAGAGGCACTAAGCCT	TAGCATGGAATAATNNAATA	7	96.4	Non-rizospheric21	Non-rizospheric2	Non-rizospheric	52	75	4	Dry	31.99	24.8	TCTGGACCTGGTGAGTTTCC	9	9.03	8.07	30.61	607.4	1.68	1	2.06	14.9	53.76	15.62	70	63	9	2	NR_L7_P1_T2_C9_2	Bulk soil	q1	1.0858331436007376	q1 (typical species)	2.261268590174954	2.116674932565104	15.341275265797355	34.690743891775476	532.2002512190058
2.14NR	GGACTCCTACTGCATA	TAGCATGGAATAATNNAATA	2	66.3	Non-rizospheric22	Non-rizospheric2	Non-rizospheric	38	59	2.8	Dry	36	15.2	TCTGGACCTGGTGAGTTTCC	9	5.17	7.6	28.86	590.4	1.81	2	1.77	7.1	59.04	12.09	70	72	14	2	NR_L2_P2_T2_C14_2	Bulk soil	q1	4.061596946174125	q1 (typical species)	26.22130646900455	24.76276707119499	9.007620156638232	236.19156868359386	2127.5239349023436
2.15NR	CGAGGCTGTAGATCGC	TAGCATGGAATAATNNAATA	2	78.4	Non-rizospheric22	Non-rizospheric2	Non-rizospheric	39	51	2.4	Dry	36	16	TCTGGACCTGGTGAGTTTCC	7	5.17	7.6	28.86	590.4	1.81	2	1.77	12.3	59.04	12.09	62.5	75	15	2	NR_L2_P2_T2_C15_2	Bulk soil	q1	1.5758592866360202	q1 (typical species)	13.780938106084628	12.418985504127528	13.433867418692198	185.13129542234407	2487.0292777545083
2.15RO	TAAGGCGATAGATCGC	TAGCATGGAATAATNNAATA	2	78.4	Roots22	Roots2	Roots	39	51	2.4	Dry	36	16	TCTGGACCTGGTGAGTTTCC	7	5.17	7.6	28.86	590.4	1.81	2	1.77	12.3	59.04	12.09	62.5	21	15	2	RO_L2_P2_T2_C15_2	Roots	q1	2.834491176048747	q1 (typical species)	21.256009689882504	20.25237099876109	5.965726419805255	126.80753858656855	756.4990831763663
2.16NR	CGAGGCTGCTCTCTAT	TAGCATGGAATAATNNAATA	2	75.7	Non-rizospheric23	Non-rizospheric2	Non-rizospheric	41	56	3.6	Dry	41	19.5	TCTGGACCTGGTGAGTTTCC	9	6.34	7.7	26.04	554.5	2.4	3	1.92	8.8	59.94	14.01	80	76	16	2	NR_L2_P3_T2_C16_2	Bulk soil	q1	1.0974904101831353	q1 (typical species)	2.0583659558573424	2.0547964540451873	11.644269083257393	23.968167061819205	279.09178670028956
2.16RO	AGGCAGAATATCCTCT	TAGCATGGAATAATNNAATA	2	75.7	Roots23	Roots2	Roots	41	56	3.6	Dry	41	19.5	TCTGGACCTGGTGAGTTTCC	9	6.34	7.7	26.04	554.5	2.4	3	1.92	8.8	59.94	14.01	80	22	16	2	RO_L2_P3_T2_C16_2	Roots	q1	2.7078642230765966	q1 (typical species)	28.576266388681944	27.681397618628445	6.5755861720728825	187.90570211488807	1235.5901364803044
3.14NR	TAGGCATGACTGCATA	TAGCATGGAATAATNNAATA	3	39	Non-rizospheric31	Non-rizospheric3	Non-rizospheric	52	40	1.6	Extreme_dry	31.99	8.5	TCTGGACCTGGTGAGTTTCC	5	9.03	8.07	30.61	607.4	1.68	1	2.06	6.5	53.76	15.62	40	73	14	2	NR_L3_P1_T3_C14_2	Bulk soil	q1	2.419009158670861	q1 (typical species)	24.815076613245093	22.277548514098736	14.305498908514354	354.99205140547775	5078.338403912334
3.16NR	CGAGGCTGTATCCTCT	TAGCATGGAATAATNNAATA	3	91.5	Non-rizospheric22	Non-rizospheric2	Non-rizospheric	58	70	2.4	Dry	36	12.9	TCTGGACCTGGTGAGTTTCC	8	5.17	7.6	28.86	590.4	1.81	2	1.77	10.5	59.04	12.09	25	77	16	2	NR_L3_P2_T2_C16_2	Bulk soil	q1	1.2434578272644223	q1 (typical species)	5.869947769087335	5.629171281277318	7.884817624100507	46.283467622249276	364.93670121239626
3.16RO	AGGCAGAAAGAGTAGA	TAGCATGGAATAATNNAATA	3	91.5	Roots22	Roots2	Roots	58	70	2.4	Dry	36	12.9	TCTGGACCTGGTGAGTTTCC	8	5.17	7.6	28.86	590.4	1.81	2	1.77	10.5	59.04	12.09	25	23	16	2	RO_L3_P2_T2_C16_2	Roots	q1	2.602964690826411	q1 (typical species)	32.42252199155335	32.422521991553324	2.8287760811225318	91.71605469937539	259.4441817885189
4.16NR	CGAGGCTGAGAGTAGA	TAGCATGGAATAATNNAATA	4	75.7	Non-rizospheric21	Non-rizospheric2	Non-rizospheric	41	56	3.6	Dry	41	19.5	TCTGGACCTGGTGAGTTTCC	9	6.34	7.7	26.04	554.5	2.4	1	1.92	8.8	59.94	14.01	80	78	16	2	NR_L4_P1_T2_C16_2	Bulk soil	q1	1.0239537401057897	q1 (typical species)	0.46513145666588773	0.4651314566658903	16.77061659631484	7.800541326629034	130.81988783260468
4.18NR	AAGAGGCAAGAGTAGA	TAGCATGGAATAATNNAATA	4	152.4	Non-rizospheric13	Non-rizospheric1	Non-rizospheric	59	85	8	Wet	41	39.2	TCTGGACCTGGTGAGTTTCC	10	6.34	7.7	26.04	554.5	2.4	3	1.92	22.4	59.94	14.01	60	80	18	2	NR_L4_P3_T1_C18_2	Bulk soil	q1	1.3519353711376125	q1 (typical species)	7.548738595415873	7.174936949037316	9.204425156246472	69.48179942557452	639.5400225340298
5.14NR	TAGGCATGAAGGAGTA	TAGCATGGAATAATNNAATA	5	39.7	Non-rizospheric32	Non-rizospheric3	Non-rizospheric	23	38	1.6	Extreme_dry	36	12.6	TCTGGACCTGGTGAGTTTCC	5	5.17	7.6	28.86	590.4	1.81	2	1.77	6.3	59.04	12.09	70	74	14	2	NR_L5_P2_T3_C14_2	Bulk soil	q1	1	q1 (typical species)	0	0	0	0	0
6.16NR	AAGAGGCACTCTCTAT	TAGCATGGAATAATNNAATA	6	91.5	Non-rizospheric11	Non-rizospheric1	Non-rizospheric	58	70	2.4	Wet	36	12.9	TCTGGACCTGGTGAGTTTCC	8	5.17	7.6	28.86	590.4	1.81	1	1.77	10.5	59.04	12.09	25	79	16	2	NR_L6_P1_T1_C16_2	Bulk soil	q1	1	q1 (typical species)	0	0	0	0	0
7.23NR	AAGAGGCACTAAGCCT	TAGCATGGAATAATNNAATA	7	67.1	Non-rizospheric23	Non-rizospheric2	Non-rizospheric	46	67	5.6	Dry	41	15.6	TCTGGACCTGGTGAGTTTCC	6	6.34	7.7	26.04	554.5	2.4	3	1.92	11.6	59.94	14.01	83.33	81	23	2	NR_L7_P3_T2_C23_2	Bulk soil	q1	1	q1 (typical species)	0	0	0	0	0
1.2RO	TAAGGCGATATCCTCT	TAGCATGGAATAATNNAATA	1	36.2	Roots32	Roots3	Roots	37	45	3.2	Extreme_dry	36	10.7	TCTGGACCTGGTGAGTTTCC	5	5.17	7.6	28.86	590.4	1.81	2	1.77	9.9	59.04	12.09	40	3	2	2	RO_L1_P2_T3_C2_2	Roots	q2	6.533199649078832	q2 (dominant species)	53.57829883769369	41.1822238531395	10.554611898120744	565.4981503933906	5968.613506507354
1.8RO	TAAGGCGACTAAGCCT	TAGCATGGAATAATNNAATA	1	39	Roots31	Roots3	Roots	36	37	1.6	Extreme_dry	31.99	8.1	TCTGGACCTGGTGAGTTTCC	6	9.03	8.07	30.61	607.4	1.68	1	2.06	8.5	53.76	15.62	28.57	8	8	2	RO_L1_P1_T3_C8_2	Roots	q2	2.512592378978072	q2 (dominant species)	18.140217811607567	15.343174890112143	20.330134547122267	368.79306882408565	7497.612709239784
2.10RO	CGTACTAGTATCCTCT	TAGCATGGAATAATNNAATA	2	53.4	Roots32	Roots3	Roots	41	49	1.6	Extreme_dry	36	13.5	TCTGGACCTGGTGAGTTTCC	6	5.17	7.6	28.86	590.4	1.81	2	1.77	6.2	59.04	12.09	62.5	11	10	2	RO_L2_P2_T3_C10_2	Roots	q2	3.5973229281361476	q2 (dominant species)	26.82236705160281	22.995015304161647	16.128856007124803	432.6140959455504	6977.5704601582565
2.14RO	AGGCAGAACTCTCTAT	TAGCATGGAATAATNNAATA	2	66.3	Roots22	Roots2	Roots	38	59	2.8	Dry	36	15.2	TCTGGACCTGGTGAGTTTCC	9	5.17	7.6	28.86	590.4	1.81	2	1.77	7.1	59.04	12.09	70	18	14	2	RO_L2_P2_T2_C14_2	Roots	q2	1.3711199272182042	q2 (dominant species)	7.620664746436024	6.432575879838358	31.23450495512698	238.02769078391748	7434.677087247703
2.3RO	TAAGGCGAAGAGTAGA	TAGCATGGAATAATNNAATA	2	39.2	Roots31	Roots3	Roots	43	46	2	Extreme_dry	31.99	4.8	TCTGGACCTGGTGAGTTTCC	5	9.03	8.07	30.61	607.4	1.68	1	2.06	10.6	53.76	15.62	50	4	3	2	RO_L2_P1_T3_C3_2	Roots	q2	6.148858665123325	q2 (dominant species)	46.31531893567529	34.64287939031324	15.447571715329657	715.4592107772097	11052.107467874104
2.7RO	TAAGGCGAACTGCATA	TAGCATGGAATAATNNAATA	2	78	Roots21	Roots2	Roots	38	73	4.8	Dry	31.99	15.4	TCTGGACCTGGTGAGTTTCC	7	9.03	8.07	30.61	607.4	1.68	1	2.06	10.1	53.76	15.62	80	6	7	2	RO_L2_P1_T2_C7_2	Roots	q2	1.3809188282090719	q2 (dominant species)	8.402928173346307	6.628738529745672	25.07544931715388	210.70719952642975	5283.577702484419
3.14RO	AGGCAGAATATCCTCT	TAGCATGGAATAATNNAATA	3	39	Roots31	Roots3	Roots	52	40	1.6	Extreme_dry	31.99	8.5	TCTGGACCTGGTGAGTTTCC	5	9.03	8.07	30.61	607.4	1.68	1	2.06	6.5	53.76	15.62	40	19	14	2	RO_L3_P1_T3_C14_2	Roots	q2	9.829817421698833	q2 (dominant species)	38.81031514099604	27.992004222348235	34.221273625394915	1328.1384139278327	45450.58807542237
3.7RO	TAAGGCGAAAGGAGTA	TAGCATGGAATAATNNAATA	3	186.6	Roots12	Roots1	Roots	52	84	8.4	Wet	36	74	TCTGGACCTGGTGAGTTTCC	9	5.17	7.6	28.86	590.4	1.81	2	1.77	23.1	59.04	12.09	44.44	7	7	2	RO_L3_P2_T1_C7_2	Roots	q2	4.021357127063199	q2 (dominant species)	28.697109254884634	23.372088239807198	11.848364707607352	340.0138165059274	4028.607703587713
4.12RO	CGTACTAGACTGCATA	TAGCATGGAATAATNNAATA	4	178.4	Roots12	Roots1	Roots	48	83	6.8	Wet	36	67	TCTGGACCTGGTGAGTTTCC	9	5.17	7.6	28.86	590.4	1.81	2	1.77	19.9	59.04	12.09	85.71	14	12	2	RO_L4_P2_T1_C12_2	Roots	q2	3.2905744360902256	q2 (dominant species)	10.639286061237776	8.84893403112892	16.28389234445926	173.24898884310196	2821.167883107496
4.16RO	TCCTGAGCAGAGTAGA	TAGCATGGAATAATNNAATA	4	75.7	Roots21	Roots2	Roots	41	56	3.6	Dry	41	19.5	TCTGGACCTGGTGAGTTTCC	9	6.34	7.7	26.04	554.5	2.4	1	1.92	8.8	59.94	14.01	80	24	16	2	RO_L4_P1_T2_C16_2	Roots	q2	3.9481295479494376	q2 (dominant species)	27.81699285510889	21.774917105919144	17.272721535195224	480.475171532811	8299.113842461404
4.1RO	TAAGGCGATAGATCGC	TAGCATGGAATAATNNAATA	4	172.7	Roots13	Roots1	Roots	55	81	8.8	Wet	41	57	TCTGGACCTGGTGAGTTTCC	9	6.34	7.7	26.04	554.5	2.4	3	1.92	25.2	59.94	14.01	70	1	1	2	RO_L4_P3_T1_C1_2	Roots	q2	2.3681221564044304	q2 (dominant species)	21.46390907768718	19.901733713042912	17.006173053451324	365.018952178693	6207.575468540325
5.14RO	AGGCAGAAAGAGTAGA	TAGCATGGAATAATNNAATA	5	39.7	Roots32	Roots3	Roots	23	38	1.6	Extreme_dry	36	12.6	TCTGGACCTGGTGAGTTTCC	5	5.17	7.6	28.86	590.4	1.81	2	1.77	6.3	59.04	12.09	70	20	14	2	RO_L5_P2_T3_C14_2	Roots	q2	4.039326213203225	q2 (dominant species)	30.542480644307368	25.97940619759513	19.73637320644851	602.7977966467801	11897.042282645707
5.8RO	CGTACTAGTAGATCGC	TAGCATGGAATAATNNAATA	5	35.5	Roots33	Roots3	Roots	43	45	1.2	Extreme_dry	41	7.5	TCTGGACCTGGTGAGTTTCC	6	6.34	7.7	26.04	554.5	2.4	3	1.92	6.2	59.94	14.01	80	9	8	2	RO_L5_P3_T3_C8_2	Roots	q2	8.120686095523538	q2 (dominant species)	33.975319301090316	25.391764572887382	20.292398407192614	689.4407152693057	13990.405672384595
6.13RO	AGGCAGAATAGATCGC	TAGCATGGAATAATNNAATA	6	222.2	Roots13	Roots1	Roots	67	82	20.8	Wet	41	79.5	TCTGGACCTGGTGAGTTTCC	9	6.34	7.7	26.04	554.5	2.4	3	1.92	33.5	59.94	14.01	90	17	13	2	RO_L6_P3_T1_C13_2	Roots	q2	1.18669351552081	q2 (dominant species)	6.650902414242207	5.203040581671948	45.226077099306195	300.7942253664798	13603.742827450498
7.1RO	TAAGGCGACTCTCTAT	TAGCATGGAATAATNNAATA	7	166	Roots11	Roots1	Roots	60	88	5.6	Wet	31.99	48.9	TCTGGACCTGGTGAGTTTCC	11	9.03	8.07	30.61	607.4	1.68	1	2.06	26	53.76	15.62	50	2	1	2	RO_L7_P1_T1_C1_2	Roots	q2	3.3604313099784617	q2 (dominant species)	21.31497698031542	19.219585657153207	6.234720708668245	132.8929283839595	828.5502926310384
7.23RO	GGACTCCTACTGCATA	TAGCATGGAATAATNNAATA	7	67.1	Roots23	Roots2	Roots	46	67	5.6	Dry	41	15.6	TCTGGACCTGGTGAGTTTCC	6	6.34	7.7	26.04	554.5	2.4	3	1.92	11.6	59.94	14.01	83.33	27	23	2	RO_L7_P3_T2_C23_2	Roots	q2	1.2683200603814482	q2 (dominant species)	4.478259694700256	4.0948568399085055	10.966893960630992	49.11259919994543	538.6126675567721
7.9RO	CGTACTAGCTCTCTAT	TAGCATGGAATAATNNAATA	7	96.4	Roots21	Roots2	Roots	52	75	4	Dry	31.99	24.8	TCTGGACCTGGTGAGTTTCC	9	9.03	8.07	30.61	607.4	1.68	1	2.06	14.9	53.76	15.62	70	10	9	2	RO_L7_P1_T2_C9_2	Roots	q2	1.5026665046552052	q2 (dominant species)	9.658633425655417	7.913305729582618	26.410181650381684	255.08626326600788	6736.874549372352
1.8RI	GGACTCCTACTGCATA	TAGCATGGAATAATNNAATA	1	39	Rizospheric31	Rizospheric3	Rizospheric	36	37	1.6	Extreme_dry	31.99	8.1	TCTGGACCTGGTGAGTTTCC	6	9.03	8.07	30.61	607.4	1.68	1	2.06	8.5	53.76	15.62	28.57	34	8	2	RI_L1_P1_T3_C8_2	Rhizosphere	q2	2.7570315019902347	q2 (dominant species)	34.75046184332995	32.90283628463406	20.985874757580333	729.2688400121966	15304.344541101847
2.10RI	CGAGGCTGTAGATCGC	TAGCATGGAATAATNNAATA	2	53.4	Rizospheric32	Rizospheric3	Rizospheric	41	49	1.6	Extreme_dry	36	13.5	TCTGGACCTGGTGAGTTTCC	6	5.17	7.6	28.86	590.4	1.81	2	1.77	6.2	59.04	12.09	62.5	37	10	2	RI_L2_P2_T3_C10_2	Rhizosphere	q2	1.7694883173258422	q2 (dominant species)	24.591511901242196	22.33058322344981	27.573771782508807	678.0807369517016	18697.243490821606
2.11RI	CGAGGCTGTATCCTCT	TAGCATGGAATAATNNAATA	2	139.8	Rizospheric12	Rizospheric1	Rizospheric	53	71	2	Wet	36	44.1	TCTGGACCTGGTGAGTTTCC	10	5.17	7.6	28.86	590.4	1.81	2	1.77	17.1	59.04	12.09	50	39	11	2	RI_L2_P2_T1_C11_2	Rhizosphere	q2	1.0780029647411036	q2 (dominant species)	4.841647010482943	4.58050802095425	43.27119812766951	209.5038670548462	9065.483339843182
2.13RI	AAGAGGCACTCTCTAT	TAGCATGGAATAATNNAATA	2	42.2	Rizospheric33	Rizospheric3	Rizospheric	30	46	2.4	Extreme_dry	41	10.2	TCTGGACCTGGTGAGTTTCC	6	6.34	7.7	26.04	554.5	2.4	3	1.92	9	59.94	14.01	50	41	13	2	RI_L2_P3_T3_C13_2	Rhizosphere	q2	1.1772061923489745	q2 (dominant species)	10.343630255223067	9.18862433949312	32.18839451944359	332.94485141837305	10716.96023067212
2.14RI	GTAGAGGACTCTCTAT	TAGCATGGAATAATNNAATA	2	66.3	Rizospheric22	Rizospheric2	Rizospheric	38	59	2.8	Dry	36	15.2	TCTGGACCTGGTGAGTTTCC	9	5.17	7.6	28.86	590.4	1.81	2	1.77	7.1	59.04	12.09	70	44	14	2	RI_L2_P2_T2_C14_2	Rhizosphere	q2	1.439950786567122	q2 (dominant species)	18.367077594084233	16.554335857777932	57.37924613932318	1053.889066131007	60471.36012907249
2.3RI	AGGCAGAAAGAGTAGA	TAGCATGGAATAATNNAATA	2	39.2	Rizospheric31	Rizospheric3	Rizospheric	43	46	2	Extreme_dry	31.99	4.8	TCTGGACCTGGTGAGTTTCC	5	9.03	8.07	30.61	607.4	1.68	1	2.06	10.6	53.76	15.62	50	30	3	2	RI_L2_P1_T3_C3_2	Rhizosphere	q2	17.424780090636318	q2 (dominant species)	50.01537749473675	36.82240344817264	61.744203032384846	3088.1596227763976	190675.95474511888
3.10RI	CGAGGCTGCTCTCTAT	TAGCATGGAATAATNNAATA	3	47.9	Rizospheric23	Rizospheric2	Rizospheric	45	57	2.8	Dry	41	10.9	TCTGGACCTGGTGAGTTTCC	5	6.34	7.7	26.04	554.5	2.4	3	1.92	7.2	59.94	14.01	70	38	10	2	RI_L3_P3_T2_C10_2	Rhizosphere	q2	1.3294439857377571	q2 (dominant species)	15.248917506716035	13.896539675046471	44.26688734119875	675.0221133450322	29881.12784426243
3.13RI	AAGAGGCAAGAGTAGA	TAGCATGGAATAATNNAATA	3	150.7	Rizospheric11	Rizospheric1	Rizospheric	69	67	8	Wet	31.99	53	TCTGGACCTGGTGAGTTTCC	11	9.03	8.07	30.61	607.4	1.68	1	2.06	19.6	53.76	15.62	33.33	42	13	2	RI_L3_P1_T1_C13_2	Rhizosphere	q2	1.286310319391614	q2 (dominant species)	16.345484509861926	14.714304696897933	39.38719559026662	643.802795407605	25357.586624279742
3.14RI	GTAGAGGAAGAGTAGA	TAGCATGGAATAATNNAATA	3	39	Rizospheric31	Rizospheric3	Rizospheric	52	40	1.6	Extreme_dry	31.99	8.5	TCTGGACCTGGTGAGTTTCC	5	9.03	8.07	30.61	607.4	1.68	1	2.06	6.5	53.76	15.62	40	45	14	2	RI_L3_P1_T3_C14_2	Rhizosphere	q2	1.5798872871256886	q2 (dominant species)	26.110219385624134	22.30690315893703	31.72378886038561	828.3150868878873	26277.2929263033
3.4RI	TCCTGAGCAGAGTAGA	TAGCATGGAATAATNNAATA	3	48.2	Rizospheric33	Rizospheric3	Rizospheric	41	44	2	Extreme_dry	41	8.8	TCTGGACCTGGTGAGTTTCC	5	6.34	7.7	26.04	554.5	2.4	3	1.92	10.8	59.94	14.01	90	31	4	2	RI_L3_P3_T3_C4_2	Rhizosphere	q2	3.6673227209288335	q2 (dominant species)	40.512497349682334	34.20299219098076	24.49532680708124	992.3668623514815	24308.350605817344
4.12RI	CGAGGCTGAGAGTAGA	TAGCATGGAATAATNNAATA	4	178.4	Rizospheric12	Rizospheric1	Rizospheric	48	83	6.8	Wet	36	67	TCTGGACCTGGTGAGTTTCC	9	5.17	7.6	28.86	590.4	1.81	2	1.77	19.9	59.04	12.09	85.71	40	12	2	RI_L4_P2_T1_C12_2	Rhizosphere	q2	1.2628375378586578	q2 (dominant species)	15.186996917546416	13.449648955167005	40.184275285014934	610.2784648873585	24523.59783354993
4.1RI	TAAGGCGATAGATCGC	TAGCATGGAATAATNNAATA	4	172.7	Rizospheric13	Rizospheric1	Rizospheric	55	81	8.8	Wet	41	57	TCTGGACCTGGTGAGTTTCC	9	6.34	7.7	26.04	554.5	2.4	3	1.92	25.2	59.94	14.01	70	28	1	2	RI_L4_P3_T1_C1_2	Rhizosphere	q2	4.643584919315883	q2 (dominant species)	30.15260401390576	24.99317299959397	24.484784871421862	738.2800225936538	18076.62752807409
5.14RI	GTAGAGGAACTGCATA	TAGCATGGAATAATNNAATA	5	39.7	Rizospheric32	Rizospheric3	Rizospheric	23	38	1.6	Extreme_dry	36	12.6	TCTGGACCTGGTGAGTTTCC	5	5.17	7.6	28.86	590.4	1.81	2	1.77	6.3	59.04	12.09	70	46	14	2	RO_L5_P2_T3_C14_2	Rhizosphere	q2	1.4923706201212565	q2 (dominant species)	19.222666558822784	17.33380517551153	32.83005695283561	631.0812379115206	20718.432982501217
5.8RI	TAGGCATGACTGCATA	TAGCATGGAATAATNNAATA	5	35.5	Rizospheric33	Rizospheric3	Rizospheric	43	45	1.2	Extreme_dry	41	7.5	TCTGGACCTGGTGAGTTTCC	6	6.34	7.7	26.04	554.5	2.4	3	1.92	6.2	59.94	14.01	80	35	8	2	RI_L5_P3_T3_C8_2	Rhizosphere	q2	1.6660395134998234	q2 (dominant species)	25.014365062039204	23.1760529720441	33.14868777557806	829.1933773458659	27486.672371215194
6.13RI	AAGAGGCACTAAGCCT	TAGCATGGAATAATNNAATA	6	222.2	Rizospheric13	Rizospheric1	Rizospheric	67	82	20.8	Wet	41	79.5	TCTGGACCTGGTGAGTTTCC	9	6.34	7.7	26.04	554.5	2.4	3	1.92	33.5	59.94	14.01	90	43	13	2	RI_L6_P3_T1_C13_2	Rhizosphere	q2	1.1622811676951177	q2 (dominant species)	8.950907319479015	8.18329454190996	45.63453129872118	408.4704602227176	18640.35800163665
7.1RI	CGTACTAGCTCTCTAT	TAGCATGGAATAATNNAATA	7	166	Rizospheric11	Rizospheric1	Rizospheric	60	88	5.6	Wet	31.99	48.9	TCTGGACCTGGTGAGTTTCC	11	9.03	8.07	30.61	607.4	1.68	1	2.06	26	53.76	15.62	50	29	1	2	RI_L7_P1_T1_C1_2	Rhizosphere	q2	1.6412751496292026	q2 (dominant species)	25.094754721851587	23.50362599096574	30.35071507637917	761.6437504745384	23116.432460357544
7.9RI	TAGGCATGAAGGAGTA	TAGCATGGAATAATNNAATA	7	96.4	Rizospheric21	Rizospheric2	Rizospheric	52	75	4	Dry	31.99	24.8	TCTGGACCTGGTGAGTTTCC	9	9.03	8.07	30.61	607.4	1.68	1	2.06	14.9	53.76	15.62	70	36	9	2	RI_L7_P1_T2_C9_2	Rhizosphere	q2	1.3181160347757868	q2 (dominant species)	16.337665680920146	14.874334145978485	23.347620799052994	381.4456230598255	8905.8477626593085
1.2NR	TAGGCATGAAGGAGTA	TAGCATGGAATAATNNAATA	1	36.2	Non-rizospheric32	Non-rizospheric3	Non-rizospheric	37	45	3.2	Extreme_dry	36	10.7	TCTGGACCTGGTGAGTTTCC	5	5.17	7.6	28.86	590.4	1.81	2	1.77	9.9	59.04	12.09	40	56	2	2	NR_L1_P2_T3_C2_2	Bulk soil	q2	1.0215619399965314	q2 (dominant species)	1.365700302691847	1.3653777570958483	13.934615799302312	19.030509015001762	265.1828315892086
1.8NR	AAGAGGCACTCTCTAT	TAGCATGGAATAATNNAATA	1	39	Non-rizospheric31	Non-rizospheric3	Non-rizospheric	36	37	1.6	Extreme_dry	31.99	8.1	TCTGGACCTGGTGAGTTTCC	6	9.03	8.07	30.61	607.4	1.68	1	2.06	8.5	53.76	15.62	28.57	61	8	2	NR_L1_P1_T3_C8_2	Bulk soil	q2	1.0107235522845046	q2 (dominant species)	0.6881612786283915	0.6881612786283907	13.729725486341485	9.44826544589757	129.72209089425948
2.10NR	GTAGAGGACTCTCTAT	TAGCATGGAATAATNNAATA	2	53.4	Non-rizospheric32	Non-rizospheric3	Non-rizospheric	41	49	1.6	Extreme_dry	36	13.5	TCTGGACCTGGTGAGTTTCC	6	5.17	7.6	28.86	590.4	1.81	2	1.77	6.2	59.04	12.09	62.5	64	10	2	NR_L2_P2_T3_C10_2	Bulk soil	q2	1.2395007818364248	q2 (dominant species)	11.179955166859841	10.549145057534325	7.408289311895823	82.82434237012224	613.586690345377
2.11NR	GTAGAGGAACTGCATA	TAGCATGGAATAATNNAATA	2	139.8	Non-rizospheric12	Non-rizospheric1	Non-rizospheric	53	71	2	Wet	36	44.1	TCTGGACCTGGTGAGTTTCC	10	5.17	7.6	28.86	590.4	1.81	2	1.77	17.1	59.04	12.09	50	66	11	2	NR_L2_P2_T1_C11_2	Bulk soil	q2	1.1705437126888594	q2 (dominant species)	14.52346986093934	13.124394881385092	10.729269459118344	155.8262216194022	1671.9015205508585
2.15RI	TAAGGCGATAGATCGC	TAGCATGGAATAATNNAATA	2	78.4	Rizospheric22	Rizospheric2	Rizospheric	39	51	2.4	Dry	36	16	TCTGGACCTGGTGAGTTTCC	7	5.17	7.6	28.86	590.4	1.81	2	1.77	12.3	59.04	12.09	62.5	47	15	2	RI_L2_P2_T2_C15_2	Rhizosphere	q2	1.2165393611615694	q2 (dominant species)	11.29441319562639	11.281918475534335	4.845525303853418	54.72736493158362	265.18283158920866
2.3NR	CGAGGCTGTAGATCGC	TAGCATGGAATAATNNAATA	2	39.2	Non-rizospheric31	Non-rizospheric3	Non-rizospheric	43	46	2	Extreme_dry	31.99	4.8	TCTGGACCTGGTGAGTTTCC	5	9.03	8.07	30.61	607.4	1.68	1	2.06	10.6	53.76	15.62	50	57	3	2	NR_L2_P1_T3_C3_2	Bulk soil	q2	1.744282142854954	q2 (dominant species)	30.56163050380912	26.174216918880077	12.047895704337726	368.2033368643987	4436.075400531406
2.7NR	CGAGGCTGTATCCTCT	TAGCATGGAATAATNNAATA	2	78	Non-rizospheric21	Non-rizospheric2	Non-rizospheric	38	73	4.8	Dry	31.99	15.4	TCTGGACCTGGTGAGTTTCC	7	9.03	8.07	30.61	607.4	1.68	1	2.06	10.1	53.76	15.62	80	59	7	2	NR_L2_P1_T2_C7_2	Bulk soil	q2	1.0245477644541525	q2 (dominant species)	1.567196720274098	1.5671967202740964	9.136400505306284	14.318536907026619	130.81988783260468
3.10NR	GTAGAGGAAGAGTAGA	TAGCATGGAATAATNNAATA	3	47.9	Non-rizospheric23	Non-rizospheric2	Non-rizospheric	45	57	2.8	Dry	41	10.9	TCTGGACCTGGTGAGTTTCC	5	6.34	7.7	26.04	554.5	2.4	3	1.92	7.2	59.94	14.01	70	65	10	2	NR_L3_P3_T2_C10_2	Bulk soil	q2	1	q2 (dominant species)	0	0	0	0	0
3.16RI	AGGCAGAATATCCTCT	TAGCATGGAATAATNNAATA	3	91.5	Rizospheric22	Rizospheric2	Rizospheric	58	70	2.4	Dry	36	12.9	TCTGGACCTGGTGAGTTTCC	8	5.17	7.6	28.86	590.4	1.81	2	1.77	10.5	59.04	12.09	25	49	16	2	RI_L3_P2_T3_C16_2	Rhizosphere	q2	1.8260765373189032	q2 (dominant species)	27.638942918284034	26.769463798917588	6.363353250248283	175.87635725248947	1119.163389564457
3.4NR	CGAGGCTGCTCTCTAT	TAGCATGGAATAATNNAATA	3	48.2	Non-rizospheric33	Non-rizospheric3	Non-rizospheric	41	44	2	Extreme_dry	41	8.8	TCTGGACCTGGTGAGTTTCC	5	6.34	7.7	26.04	554.5	2.4	3	1.92	10.8	59.94	14.01	90	58	4	2	NR_L3_P3_T3_C4_2	Bulk soil	q2	1.5433041750839562	q2 (dominant species)	30.97743395277302	27.0636721764886	10.749032495777467	332.9774441941574	3579.1853680039258
3.7NR	CGAGGCTGAGAGTAGA	TAGCATGGAATAATNNAATA	3	186.6	Non-rizospheric12	Non-rizospheric1	Non-rizospheric	52	84	8.4	Wet	36	74	TCTGGACCTGGTGAGTTTCC	9	5.17	7.6	28.86	590.4	1.81	2	1.77	23.1	59.04	12.09	44.44	60	7	2	NR_L3_P2_T1_C7_2	Bulk soil	q2	1.5124186999215417	q2 (dominant species)	20.21576799405252	18.09206066156975	14.61724598171495	295.4988534783459	4319.379428607726
4.12NR	GTAGAGGAAAGGAGTA	TAGCATGGAATAATNNAATA	4	178.4	Non-rizospheric12	Non-rizospheric1	Non-rizospheric	48	83	6.8	Wet	36	67	TCTGGACCTGGTGAGTTTCC	9	5.17	7.6	28.86	590.4	1.81	2	1.77	19.9	59.04	12.09	85.71	67	12	2	NR_L4_P2_T1_C12_2	Bulk soil	q2	1.0603171487458463	q2 (dominant species)	3.6874015429580695	3.6796541181076603	8.699880984339298	32.0799545652043	279.09178670028956
4.16RI	AGGCAGAAAGAGTAGA	TAGCATGGAATAATNNAATA	4	75.7	Rizospheric21	Rizospheric2	Rizospheric	41	56	3.6	Dry	41	19.5	TCTGGACCTGGTGAGTTTCC	9	6.34	7.7	26.04	554.5	2.4	1	1.92	8.8	59.94	14.01	80	50	16	2	RI_L4_P1_T2_C16_2	Rhizosphere	q2	1.3963559139454	q2 (dominant species)	17.95140020093954	17.408593642580563	7.790761711362241	139.8550813508202	1089.5776129274213
4.1NR	GGACTCCTACTGCATA	TAGCATGGAATAATNNAATA	4	172.7	Non-rizospheric13	Non-rizospheric1	Non-rizospheric	55	81	8.8	Wet	41	57	TCTGGACCTGGTGAGTTTCC	9	6.34	7.7	26.04	554.5	2.4	3	1.92	25.2	59.94	14.01	70	54	1	2	NR_L4_P3_T1_C1_2	Bulk soil	q2	10.171256568881793	q2 (dominant species)	41.87690381929709	32.44321360479831	26.213936249481023	1097.7584870447024	28776.570996716564
5.8NR	AAGAGGCAAGAGTAGA	TAGCATGGAATAATNNAATA	5	35.5	Non-rizospheric33	Non-rizospheric3	Non-rizospheric	43	45	1.2	Extreme_dry	41	7.5	TCTGGACCTGGTGAGTTTCC	6	6.34	7.7	26.04	554.5	2.4	3	1.92	6.2	59.94	14.01	80	62	8	2	NR_L5_P3_T3_C8_2	Bulk soil	q2	1.5273484897245009	q2 (dominant species)	33.488919389521996	29.7968920277675	8.038461095154599	269.19937563144106	2163.948707853248
6.16RI	TCCTGAGCAGAGTAGA	TAGCATGGAATAATNNAATA	6	91.5	Rizospheric11	Rizospheric1	Rizospheric	58	70	2.4	Wet	36	12.9	TCTGGACCTGGTGAGTTTCC	8	5.17	7.6	28.86	590.4	1.81	1	1.77	10.5	59.04	12.09	25	51	16	2	RI_L6_P1_T1_C16_2	Rhizosphere	q2	1.1987285920340314	q2 (dominant species)	10.443820355457927	10.299931576780347	8.328377143636958	86.9800747406462	724.4028664218322
7.1NR	TAGGCATGACTGCATA	TAGCATGGAATAATNNAATA	7	166	Non-rizospheric11	Non-rizospheric1	Non-rizospheric	60	88	5.6	Wet	31.99	48.9	TCTGGACCTGGTGAGTTTCC	11	9.03	8.07	30.61	607.4	1.68	1	2.06	26	53.76	15.62	50	55	1	2	NR_L7_P1_T1_C1_2	Bulk soil	q2	6.820420389438592	q2 (dominant species)	41.39223105395931	33.76030141543174	22.663989646428234	938.113096049499	21261.38549604458
7.9NR	AAGAGGCACTAAGCCT	TAGCATGGAATAATNNAATA	7	96.4	Non-rizospheric21	Non-rizospheric2	Non-rizospheric	52	75	4	Dry	31.99	24.8	TCTGGACCTGGTGAGTTTCC	9	9.03	8.07	30.61	607.4	1.68	1	2.06	14.9	53.76	15.62	70	63	9	2	NR_L7_P1_T2_C9_2	Bulk soil	q2	1.0281816819067606	q2 (dominant species)	2.261268590174954	2.116674932565104	15.341275265797355	34.690743891775476	532.2002512190058
2.14NR	GGACTCCTACTGCATA	TAGCATGGAATAATNNAATA	2	66.3	Non-rizospheric22	Non-rizospheric2	Non-rizospheric	38	59	2.8	Dry	36	15.2	TCTGGACCTGGTGAGTTTCC	9	5.17	7.6	28.86	590.4	1.81	2	1.77	7.1	59.04	12.09	70	72	14	2	NR_L2_P2_T2_C14_2	Bulk soil	q2	2.8765669045762614	q2 (dominant species)	26.22130646900455	24.76276707119499	9.007620156638232	236.19156868359386	2127.5239349023436
2.15NR	CGAGGCTGTAGATCGC	TAGCATGGAATAATNNAATA	2	78.4	Non-rizospheric22	Non-rizospheric2	Non-rizospheric	39	51	2.4	Dry	36	16	TCTGGACCTGGTGAGTTTCC	7	5.17	7.6	28.86	590.4	1.81	2	1.77	12.3	59.04	12.09	62.5	75	15	2	NR_L2_P2_T2_C15_2	Bulk soil	q2	1.2150448945183505	q2 (dominant species)	13.780938106084628	12.418985504127528	13.433867418692198	185.13129542234407	2487.0292777545083
2.15RO	TAAGGCGATAGATCGC	TAGCATGGAATAATNNAATA	2	78.4	Roots22	Roots2	Roots	39	51	2.4	Dry	36	16	TCTGGACCTGGTGAGTTTCC	7	5.17	7.6	28.86	590.4	1.81	2	1.77	12.3	59.04	12.09	62.5	21	15	2	RO_L2_P2_T2_C15_2	Roots	q2	2.1354296388542964	q2 (dominant species)	21.256009689882504	20.25237099876109	5.965726419805255	126.80753858656855	756.4990831763663
2.16NR	CGAGGCTGCTCTCTAT	TAGCATGGAATAATNNAATA	2	75.7	Non-rizospheric23	Non-rizospheric2	Non-rizospheric	41	56	3.6	Dry	41	19.5	TCTGGACCTGGTGAGTTTCC	9	6.34	7.7	26.04	554.5	2.4	3	1.92	8.8	59.94	14.01	80	76	16	2	NR_L2_P3_T2_C16_2	Bulk soil	q2	1.0327164997942668	q2 (dominant species)	2.0583659558573424	2.0547964540451873	11.644269083257393	23.968167061819205	279.09178670028956
2.16RO	AGGCAGAATATCCTCT	TAGCATGGAATAATNNAATA	2	75.7	Roots23	Roots2	Roots	41	56	3.6	Dry	41	19.5	TCTGGACCTGGTGAGTTTCC	9	6.34	7.7	26.04	554.5	2.4	3	1.92	8.8	59.94	14.01	80	22	16	2	RO_L2_P3_T2_C16_2	Roots	q2	2.173948740707867	q2 (dominant species)	28.576266388681944	27.681397618628445	6.5755861720728825	187.90570211488807	1235.5901364803044
3.14NR	TAGGCATGACTGCATA	TAGCATGGAATAATNNAATA	3	39	Non-rizospheric31	Non-rizospheric3	Non-rizospheric	52	40	1.6	Extreme_dry	31.99	8.5	TCTGGACCTGGTGAGTTTCC	5	9.03	8.07	30.61	607.4	1.68	1	2.06	6.5	53.76	15.62	40	73	14	2	NR_L3_P1_T3_C14_2	Bulk soil	q2	1.5237651363232494	q2 (dominant species)	24.815076613245093	22.277548514098736	14.305498908514354	354.99205140547775	5078.338403912334
3.16NR	CGAGGCTGTATCCTCT	TAGCATGGAATAATNNAATA	3	91.5	Non-rizospheric22	Non-rizospheric2	Non-rizospheric	58	70	2.4	Dry	36	12.9	TCTGGACCTGGTGAGTTTCC	8	5.17	7.6	28.86	590.4	1.81	2	1.77	10.5	59.04	12.09	25	77	16	2	NR_L3_P2_T2_C16_2	Bulk soil	q2	1.0971523017738947	q2 (dominant species)	5.869947769087335	5.629171281277318	7.884817624100507	46.283467622249276	364.93670121239626
3.16RO	AGGCAGAAAGAGTAGA	TAGCATGGAATAATNNAATA	3	91.5	Roots22	Roots2	Roots	58	70	2.4	Dry	36	12.9	TCTGGACCTGGTGAGTTTCC	8	5.17	7.6	28.86	590.4	1.81	2	1.77	10.5	59.04	12.09	25	23	16	2	RO_L3_P2_T2_C16_2	Roots	q2	2.4190641966098885	q2 (dominant species)	32.42252199155335	32.422521991553324	2.8287760811225318	91.71605469937539	259.4441817885189
4.16NR	CGAGGCTGAGAGTAGA	TAGCATGGAATAATNNAATA	4	75.7	Non-rizospheric21	Non-rizospheric2	Non-rizospheric	41	56	3.6	Dry	41	19.5	TCTGGACCTGGTGAGTTTCC	9	6.34	7.7	26.04	554.5	2.4	1	1.92	8.8	59.94	14.01	80	78	16	2	NR_L4_P1_T2_C16_2	Bulk soil	q2	1.0071619493389865	q2 (dominant species)	0.46513145666588773	0.4651314566658903	16.77061659631484	7.800541326629034	130.81988783260468
4.18NR	AAGAGGCAAGAGTAGA	TAGCATGGAATAATNNAATA	4	152.4	Non-rizospheric13	Non-rizospheric1	Non-rizospheric	59	85	8	Wet	41	39.2	TCTGGACCTGGTGAGTTTCC	10	6.34	7.7	26.04	554.5	2.4	3	1.92	22.4	59.94	14.01	60	80	18	2	NR_L4_P3_T1_C18_2	Bulk soil	q2	1.1367281496440342	q2 (dominant species)	7.548738595415873	7.174936949037316	9.204425156246472	69.48179942557452	639.5400225340298
5.14NR	TAGGCATGAAGGAGTA	TAGCATGGAATAATNNAATA	5	39.7	Non-rizospheric32	Non-rizospheric3	Non-rizospheric	23	38	1.6	Extreme_dry	36	12.6	TCTGGACCTGGTGAGTTTCC	5	5.17	7.6	28.86	590.4	1.81	2	1.77	6.3	59.04	12.09	70	74	14	2	NR_L5_P2_T3_C14_2	Bulk soil	q2	1	q2 (dominant species)	0	0	0	0	0
6.16NR	AAGAGGCACTCTCTAT	TAGCATGGAATAATNNAATA	6	91.5	Non-rizospheric11	Non-rizospheric1	Non-rizospheric	58	70	2.4	Wet	36	12.9	TCTGGACCTGGTGAGTTTCC	8	5.17	7.6	28.86	590.4	1.81	1	1.77	10.5	59.04	12.09	25	79	16	2	NR_L6_P1_T1_C16_2	Bulk soil	q2	1	q2 (dominant species)	0	0	0	0	0
7.23NR	AAGAGGCACTAAGCCT	TAGCATGGAATAATNNAATA	7	67.1	Non-rizospheric23	Non-rizospheric2	Non-rizospheric	46	67	5.6	Dry	41	15.6	TCTGGACCTGGTGAGTTTCC	6	6.34	7.7	26.04	554.5	2.4	3	1.92	11.6	59.94	14.01	83.33	81	23	2	NR_L7_P3_T2_C23_2	Bulk soil	q2	1	q2 (dominant species)	0	0	0	0	0
