OTUID,taxonomy,Taxon,Taxon Level,Trophic Mode,Guild,Growth Morphology,Trait,Confidence Ranking,Notes,Citation/Source,Category
otu1,Eukaryota__Basidiomycota__Pucciniomycetes__Pucciniales__Pucciniaceae__Puccinia__Puccinia graminis,Pucciniaceae,9,Pathotroph,Plant Pathogen,Rust,NULL,Probable,"Biotrophic, heteroecious or autoecious, associated with leaf and stem tissue of a very wide range of plants (Cannon & Kirk 2007)","b'Cannon PF, Kirk PM. 2007. Fungal Families of the World. CAB International, Cambridge (ISBN: 978-0851998275)'",High
otu10,Eukaryota__Ascomycota__Sordariomycetes__Hypocreales__Clavicipitaceae__Metarhizium__Metarhizium brunneum,Metarhizium,13,Pathotroph,Animal Pathogen,NULL,NULL,Probable,NULL,"b'Tedersoo L, et al. 2014. Science 346:e1256688 ((https://doi.org/10.1126/science.1256688))'",High
otu100,Eukaryota__Basidiomycota__Pucciniomycetes__Pucciniales__Melampsoraceae__Melampsora__Melampsora larici-populina,Melampsora,13,Pathotroph,Plant Pathogen,Microfungus,NULL,Probable,"Biotrophic, heteroecious or autoecious - A prominent group of species produces aecia on conifer needles and telia or leaves of Salicaceae (Cannon & Kirk 2007)","b'Cannon PF, Kirk PM. 2007. Fungal Families of the World. CAB International, Cambridge (ISBN: 978-0851998275); Tedersoo L, et al. 2014. Science 346:e1256688 ((https://doi.org/10.1126/science.1256688))'",Medium
otu101,Eukaryota__Ascomycota__Sordariomycetes__Hypocreales__Nectriaceae__Fusarium__Fusarium oxysporum,Fusarium,13,Pathotroph-Saprotroph-Symbiotroph,Animal Pathogen-Endophyte-Lichen Parasite-Plant Pathogen-Soil Saprotroph-Wood Saprotroph,Microfungus,NULL,Possible,Likely opportunistic human pathogen (Irinyi et al. 2015),"b'Duncan CG, Eslyn WE. 1966. Mycologia 58:642-664 ((https://doi.org/10.2307/3757045)); Seehann G, et al. 1975. List of Fungi in Soft-Rot Tissue Tests. Institute fur Holzbiologie und Holzschutz, Bundesforschungsanstalt fur Forst - und Holzwirtshaft, Hamburg - Lohbrugge, Germany; Costa IPMW, et al. 2012. Mycotaxon 119:e26 ((http://mycotaxon.com/resources/checklists/costa_v119_checklist.pdf)); Tedersoo L, et al. 2014. Science 346:e1256688 ((https://doi.org/10.1126/science.1256688)); Irinyi L, et al. 2015. Medical Mycology 53:313-337 ((https://doi.org/10.1093/mmy/myv008)); Schroers, et al. 2016. Mycologia 108:806-819 ((https://doi.org/10.3852/15-255)); The American Phytopathological Society Common Names of Plant Diseases ((http://www.apsnet.org/publications/commonnames/Pages/default.aspx)); Lawrey JD, Diederich P. 2016. http://www.lichenicolous.net (accessed 24 May 2017) ((http://www.lichenicolous.net))'",High
otu102,Eukaryota__Ascomycota__Saccharomycetes__Saccharomycetales__Phaffomycetaceae__Wickerhamomyces__Wickerhamomyces anomalus,Wickerhamomyces,13,Saprotroph,Undefined Saprotroph,Yeast,NULL,Probable,NULL,"b'Kurtzman CP, et al. 2008. FEMS Yeast Research 8:939-954 ((https://doi.org/10.1111/j.1567-1364.2008.00419.x))'",Medium
otu104,Eukaryota__Chytridiomycota__Chytridiomycetes__Spizellomycetales__Spizellomycetaceae__Spizellomyces__Spizellomyces punctatus,Spizellomyces,13,Pathotroph-Saprotroph,Plant Pathogen-Undefined Parasite-Undefined Saprotroph,Microfungus,NULL,Probable,Pollen degrader; Common in the soil and also as parasites of a range of soil organisms and plants (Cannon & Kirk 2007),"b'Cannon PF, Kirk PM. 2007. Fungal Families of the World. CAB International, Cambridge (ISBN: 978-0851998275); Tedersoo L, et al. 2014. Science 346:e1256688 ((https://doi.org/10.1126/science.1256688))'",High
otu105,Eukaryota__Ascomycota__Leotiomycetes__Helotiales__Sclerotiniaceae__Botrytis__Botrytis cinerea,Botrytis,13,Pathotroph,Plant Pathogen,Microfungus,NULL,Probable,NULL,b'The American Phytopathological Society Common Names of Plant Diseases ((https://www.apsnet.org/edcenter/resources/commonnames/Pages/default.aspx))',Medium
otu106,Eukaryota__Basidiomycota__Tremellomycetes__Tremellales__Cryptococcaceae__Cryptococcus neoformans species complex__Cryptococcus neoformans,Cryptococcus,13,Pathotroph-Saprotroph-Symbiotroph,Animal Pathogen-Endophyte-Epiphyte-Undefined Saprotroph,Dimorphic Yeast,NULL,Possible,NULL,"b'Andrews JH, et al. 1983. Phytopathology 73:228-234 ((https://doi.org/10.1094/Phyto-73-228)); Kurtzman CP, et al. (eds.) 2011. The Yeasts, a Taxonomic Study. Fifth Edition. Vols 1-3. Elsevier, San Diego (ISBN: 9780444521491)'",High
otu107,Eukaryota__Mucoromycota__Unclassified__Mucorales__Phycomycetaceae__Phycomyces__Phycomyces blakesleeanus,Phycomyces,13,Saprotroph,Undefined Saprotroph,NULL,NULL,Probable,NULL,"b'Tedersoo L, et al. 2014. Science 346:e1256688 ((https://doi.org/10.1126/science.1256688))'",High
otu108,Eukaryota__Ascomycota__Orbiliomycetes__Orbiliales__Orbiliaceae__Arthrobotrys__Arthrobotrys oligospora,Arthrobotrys,13,Saprotroph,Dung Saprotroph-Nematophagous,Microfungus,Nematode-trapping fungus (Yang et al. 2020),Probable,NULL,"b'Seifert KA, Kendrick WB, Murase G. 1983. A Key to Hyphomycetes on Dung. University of Waterloo Press, Waterloo; Tedersoo L, et al. 2014. Science 346:e1256688 ((https://doi.org/10.1126/science.1256688)); Yang C-T, et al. 2020. Proceedings of the National Academy of Sciences 117:6762-6770 ((https://doi.org/10.1073/pnas.1919726117))'",Medium
otu109,Eukaryota__Basidiomycota__Ustilaginomycetes__Ustilaginales__Ustilaginaceae__Moesziomyces__Moesziomyces antarcticus,Moesziomyces,13,Pathotroph,Plant Pathogen,Facultative Yeast,NULL,Probable,NULL,"b'Tedersoo L, et al. 2014. Science 346:e1256688 ((https://doi.org/10.1126/science.1256688))'",Medium
otu11,Eukaryota__Ascomycota__Pezizomycetes__Pezizales__Tuberaceae__Tuber__Tuber melanosporum,Tuberaceae,9,Symbiotroph,Ectomycorrhizal,Gasteroid,Hypogeous,Probable,"Common name - true truffle; Mycorrhizal with broadleaved trees, growing in the surface layer of soil and closely associated with roots. Highly specific pheromone-like chemicals are produced that play a role in dispersal by attracting mammals that uproot fruit bodies and ditribute spores (Cannon & Kirk 2007)","b'Cannon PF, Kirk PM. 2007. Fungal Families of the World. CAB International, Cambridge (ISBN: 978-0851998275)'",Low
otu110,Eukaryota__Basidiomycota__Malasseziomycetes__Malasseziales__Malasseziaceae__Malassezia__Malassezia pachydermatis,Malassezia,13,Pathotroph-Saprotroph,Animal Pathogen-Undefined Saprotroph,Facultative Yeast,NULL,Probable,A lipid-dependent fungus growing on the sebaceous areas of human skin that may cause or exacerbate several skin diseases (Pityrosporum is a synonym that has been used for the yeast forms),"b'Kurtzman CP, et al. (eds.) 2011. The Yeasts, a Taxonomic Study. Fifth Edition. Vols 1-3. Elsevier, San Diego (ISBN: 9780444521491); Findley K, et al. 2013. Nature 498:367-370 ((https://doi.org/10.1038/nature12171))'",Medium
otu112,Eukaryota__Ascomycota__Dothideomycetes__Capnodiales__Mycosphaerellaceae__Sphaerulina__Sphaerulina musiva,Sphaerulina,13,Symbiotroph,Lichenized,Thallus,NULL,Highly Probable,NULL,b'Esslinger TL. 2014. North Dakota State University ((http://www.ndsu.edu/pubweb/~esslinge/chcklst/chcklst7.htm))',Low
otu113,Eukaryota__Ascomycota__Orbiliomycetes__Orbiliales__Orbiliaceae__Dactylellina__Dactylellina haptotyla,Dactylellina,13,Saprotroph,Undefined Saprotroph,NULL,NULL,Probable,NULL,"b'Tedersoo L, et al. 2014. Science 346:e1256688 ((https://doi.org/10.1126/science.1256688))'",Medium
otu114,Eukaryota__Ascomycota__Saccharomycetes__Saccharomycetales__Metschnikowiaceae__Clavispora__Clavispora lusitaniae,Clavispora,13,Pathotroph,Animal Pathogen,NULL,NULL,Probable,NULL,"b'Laszlo I, Meyer W. 2015. Microbiology Australia 36:45-48 ((https://doi.org/10.1071/MA15017)); Laszlo I, et al. 2015. Medical Mycology 53:313-337 ((https://doi.org/10.1093/mmy/myv008))'",High
otu116,Eukaryota__Ascomycota__Eurotiomycetes__Chaetothyriales__Herpotrichiellaceae__Rhinocladiella__Rhinocladiella mackenziei,Rhinocladiella,13,Saprotroph,Undefined Saprotroph-Wood Saprotroph,Facultative Yeast,Soft Rot,Probable,NULL,"b'Nilsson T. 1973. Studia Forestalia Suecica 104:1-40 ((https://pub.epsilon.slu.se/5711/)); Seehann G, et al. 1975. List of Fungi in Soft-Rot Tissue Tests. Institute fur Holzbiologie und Holzschutz, Bundesforschungsanstalt fur Forst - und Holzwirtshaft, Hamburg - Lohbrugge, Germany; Costa IPMW, et al. 2012. Mycotaxon 119:e26 ((http://mycotaxon.com/resources/checklists/costa_v119_checklist.pdf)); Tedersoo L, et al. 2014. Science 346:e1256688 ((https://doi.org/10.1126/science.1256688))'",Medium
otu117,Eukaryota__Ascomycota__Eurotiomycetes__Eurotiales__Aspergillaceae__Penicillium__Penicillium digitatum,Penicillium,13,Saprotroph,Dung Saprotroph-Undefined Saprotroph-Wood Saprotroph,Microfungus,Soft Rot,Highly Probable,NULL,"b'Duncan CG, Eslyn WE. 1966. Mycologia 58642-664; Seehann G, et al. 1975. List of Fungi in Soft-Rot Tissue Tests. Institute fur Holzbiologie und Holzschutz, Bundesforschungsanstalt fur Forst - und Holzwirtshaft, Hamburg - Lohbrugge, Germany; Costa IPMW, et al. 2012. Mycotaxon 119:e26 ((http://mycotaxon.com/resources/checklists/costa_v119_checklist.pdf)); Bills GF, et al. 2013. Current Opinion in Microbiology 16:549-565 ((https://doi.org/10.1016/j.mib.2013.08.001)); Tedersoo L, et al. 2014. Science 346:e1256688 ((https://doi.org/10.1126/science.1256688)); The American Phytopathological Society Common Names of Plant Diseases ((http://www.apsnet.org/publications/commonnames/Pages/default.aspx))'",High
otu118,Eukaryota__Basidiomycota__Ustilaginomycetes__Ustilaginales__Ustilaginaceae__Anthracocystis__Anthracocystis flocculosa,Anthracocystis,13,Pathotroph,Plant Pathogen,Facultative Yeast,NULL,Probable,NULL,"b'Tedersoo L, et al. 2014. Science 346:e1256688 ((https://doi.org/10.1126/science.1256688))'",Medium
otu119,Eukaryota__Ascomycota__Eurotiomycetes__Chaetothyriales__Herpotrichiellaceae__Phialophora__Phialophora attae,Phialophora,13,Pathotroph-Saprotroph-Symbiotroph,Animal Pathogen-Endophyte-Ericoid Mycorrhizal-Plant Pathogen-Wood Saprotroph,Facultative Yeast-Microfungus,NULL,Possible,"Consult the current literature for updated names on this paraphyletic grouping that included the Black Yeasts, Dark Septate Endophytes, etc.","b'Nilsson T. 1973. Studia Forestalia Suecica 104:1-40 ((https://pub.epsilon.slu.se/5711/)); de Hoog GS, et al. 2000. Mycoses 43:409-416 ((https://doi.org/10.1111/j.1439-0507.2000.00601.x)); Rinaldi AC, et al. 2008. Fungal Diversity 3:31-45 ((https://www.fungaldiversity.org/fdp/sfdp/33-1.pdf)); Newsham KK. 2011. New Phytologist 190:783-793 ((https://doi.org/10.1111/j.1469-8137.2010.03611.x)) (as DSE); Irinyi L, et al. 2015. Medical Mycology 53:313-337 ((https://doi.org/10.1093/mmy/myv008)); The American Phytopathological Society Common Names of Plant Diseases ((http://www.apsnet.org/publications/commonnames/Pages/default.aspx))'",Medium
otu12,Eukaryota__Ascomycota__Leotiomycetes__Helotiales__Helotiaceae__Glarea__Glarea lozoyensis,Glarea,13,Saprotroph,Undefined Saprotroph,NULL,NULL,Probable,NULL,"b'Tedersoo L, et al. 2014. Science 346:e1256688 ((https://doi.org/10.1126/science.1256688))'",Medium
otu120,Eukaryota__Ascomycota__Eurotiomycetes__Chaetothyriales__Herpotrichiellaceae__Exophiala__Exophiala spinifera,Herpotrichiellaceae,9,Pathotroph-Saprotroph,Animal Pathogen-Fungal Parasite-Undefined Saprotroph,Facultative Yeast-Microfungus,NULL,Probable,"Mostly saprobic on plants or other fungi, isolated from soil etc., and from medical sources (Cannon & Kirk 2007)","b'Cannon PF, Kirk PM. 2007. Fungal Families of the World. CAB International, Cambridge (ISBN: 978-0851998275)'",High
otu121,Eukaryota__Ascomycota__Dothideomycetes__Pleosporales__Pleosporaceae__Alternaria alternata group__Alternaria alternata,Alternaria,13,Pathotroph-Saprotroph-Symbiotroph,Animal Pathogen-Endophyte-Plant Pathogen-Wood Saprotroph,Microfungus,Soft Rot,Possible,NULL,"b'Duncan CG, Eslyn WE. 1966. Mycologia 58642-664; Seehann G, et al. 1975. List of Fungi in Soft-Rot Tissue Tests. Institute fur Holzbiologie und Holzschutz, Bundesforschungsanstalt fur Forst - und Holzwirtshaft, Hamburg - Lohbrugge, Germany; Tedersoo L, et al. 2014. Science 346:e1256688 ((https://doi.org/10.1126/science.1256688))'",High
otu122,Eukaryota__Ascomycota__Sordariomycetes__Glomerellales__Plectosphaerellaceae__Verticillium__Verticillium alfalfae,Plectosphaerellaceae,13,Pathotroph-Saprotroph-Symbiotroph,Animal Pathogen-Endophyte-Fungal Parasite-Plant Pathogen-Wood Saprotroph,Microfungus,NULL,Possible,NULL,"b'Duncan CG, Eslyn WE. 1966. Mycologia 58:642-645 ((https://doi.org/10.2307/3757045)); Nilsson T. 1973. Studia Forestalia Suecica 104:1-40 ((https://pub.epsilon.slu.se/5711/)); Worrall JJ, et al. 1997. Mycologia 89:199-219 ((https://doi.org/10.2307/3761073)); Hanada RE, et al. 2010. Fungal Biology 114:901-910 ((https://doi.org/10.1016/j.funbio.2010.08.006)); Del Olmo-Ruiz M, Arnold AE. 2014. Mycologia 106:8-21 ((https://doi.org/10.3852/13-098)); Tedersoo L, et al. 2014. Science 346:e1256688 ((https://doi.org/10.1126/science.1256688)); Irinyi L, et al. 2015. Medical Mycology 53313-337 ((https://doi.org/10.1093/mmy/myv008)); List compiled by John Plischke III ((https://goodmushroom.weebly.com/uploads/5/7/1/7/57176535/fungi_on_fungi_pdf_lq.pdf))'",High
otu123,Eukaryota__Basidiomycota__Tremellomycetes__Tremellales__Cryptococcaceae__Cryptococcus gattii species complex__Cryptococcus gattii,Cryptococcus,13,Pathotroph-Saprotroph-Symbiotroph,Animal Pathogen-Endophyte-Epiphyte-Undefined Saprotroph,Dimorphic Yeast,NULL,Possible,NULL,"b'Andrews JH, et al. 1983. Phytopathology 73:228-234 ((https://doi.org/10.1094/Phyto-73-228)); Kurtzman CP, et al. (eds.) 2011. The Yeasts, a Taxonomic Study. Fifth Edition. Vols 1-3. Elsevier, San Diego (ISBN: 9780444521491)'",High
otu124,Eukaryota__Ascomycota__Sordariomycetes__Magnaporthales__Magnaporthaceae__Magnaporthe__Magnaporthe oryzae,Magnaporthe,13,Pathotroph,Plant Pathogen,Microfungus,NULL,Probable,Species in this genus cause rice blast and take-all; Usually necrotrophic on roots (Cannon & Kirk 2007),"b'Cannon PF, Kirk PM. 2007. Fungal Families of the World. CAB International, Cambridge (ISBN: 978-0851998275); Tedersoo L, et al. 2014. Science 346:e1256688 ((https://doi.org/10.1126/science.1256688))'",Medium
otu125,Eukaryota__Ascomycota__Eurotiomycetes__Onygenales__Ajellomycetaceae__Blastomyces__Blastomyces gilchristii,Blastomyces,13,Pathotroph-Saprotroph,Animal Pathogen-Undefined Saprotroph,Dimorphic Yeast,NULL,Highly Probable,"Facultative pathogens that can cause blastomycosis - the fungus lives in the environment, particularly in moist soil and in decomposing matter such as wood and leave (http://www.cdc.gov)","b'Bowman BH, et al. 1992. Molecular Biology and Evolution 9:893-904 ((https://doi.org/10.1093/oxfordjournals.molbev.a040766)); https://www.cdc.gov ((https://www.cdc.gov))'",High
otu126,Eukaryota__Ascomycota__Dothideomycetes__Capnodiales__Teratosphaeriaceae__Baudoinia__Baudoinia panamericana,Teratosphaeriaceae,9,Pathotroph-Saprotroph,Animal Pathogen-Plant Pathogen-Undefined Saprotroph,NULL,NULL,Probable,"Includes numerous saprobic, extremophilic, human opportunistic, and plant pathogenic fungi (Quaedvlieg et al. 2014)","b'Quaedvlieg W, et al. 2014. Persoonia 3:31-40 ((https://doi.org/10.3767/003158514X681981))'",High
otu127,Eukaryota__Ascomycota__Eurotiomycetes__Chaetothyriales__Herpotrichiellaceae__Cladophialophora__Cladophialophora immunda,Cladophialophora,13,Saprotroph,Undefined Saprotroph,Microfungus,NULL,Probable,NULL,"b'James TY, et al. 2006. Nature 443:818-822 ((https://doi.org/10.1038/nature05110))'",Medium
otu128,Eukaryota__Ascomycota__Eurotiomycetes__Eurotiales__Trichocomaceae__Talaromyces__Talaromyces stipitatus,Talaromyces,13,Saprotroph,Undefined Saprotroph,NULL,NULL,Probable,NULL,"b'Tedersoo L, et al. 2014. Science 346:e1256688 ((https://doi.org/10.1126/science.1256688))'",Medium
otu129,Eukaryota__Ascomycota__Dothideomycetes__Pleosporales__Pleosporaceae__Bipolaris__Bipolaris victoriae,Bipolaris,13,Pathotroph,Plant Pathogen,Microfungus,NULL,Probable,NULL,"b'Tedersoo L, et al. 2014. Science 346:e1256688 ((https://doi.org/10.1126/science.1256688))'",High
otu13,Eukaryota__Ascomycota__Sordariomycetes__Hypocreales__Clavicipitaceae__Pochonia__Pochonia chlamydosporia,Pochonia,13,Pathotroph,Animal Pathogen,NULL,NULL,Probable,NULL,"b'Tedersoo L, et al. 2014. Science 346:e1256688 ((https://doi.org/10.1126/science.1256688))'",High
otu130,Eukaryota__Ascomycota__Eurotiomycetes__Onygenales__Ajellomycetaceae__Histoplasma__Histoplasma capsulatum,Histoplasma,13,Saprotroph,Undefined Saprotroph,NULL,NULL,Probable,NULL,"b'Tedersoo L, et al. 2014. Science 346:e1256688 ((https://doi.org/10.1126/science.1256688))'",Medium
otu131,Eukaryota__Ascomycota__Dothideomycetes__Pleosporales__Pleosporaceae__Bipolaris__Bipolaris sorokiniana,Bipolaris,13,Pathotroph,Plant Pathogen,Microfungus,NULL,Probable,NULL,"b'Tedersoo L, et al. 2014. Science 346:e1256688 ((https://doi.org/10.1126/science.1256688))'",Medium
otu132,Eukaryota__Ascomycota__Eurotiomycetes__Chaetothyriales__Herpotrichiellaceae__Fonsecaea__Fonsecaea multimorphosa,Fonsecaea,13,Pathotroph-Saprotroph,Animal Pathogen-Soil Saprotroph,Dimorphic Yeast,NULL,Probable,"Fonsecaea pedrosoi is soil-borne and the major etiological agent of chromoblastomycosis, a chronic disease that can affect immunocompetent hosts (Cunha et al. 2010)","b'Cunha MML, et al. 2010 ((https://doi.org/10.1186/1471-2180-10-80)); Tedersoo L, et al. 2014. Science 346:e1256688 ((https://doi.org/10.1126/science.1256688)); https://www.cdc.gov ((https://www.cdc.gov))'",High
otu133,Eukaryota__Ascomycota__Sordariomycetes__Hypocreales__Hypocreaceae__Trichoderma__Trichoderma virens,Trichoderma,13,Pathotroph-Saprotroph-Symbiotroph,Animal Pathogen-Endophyte-Epiphyte-Fungal Parasite-Plant Pathogen-Wood Saprotroph,Microfungus,Soft Rot,Probable,Cause of soft-rot (Seehann et al. 1975); Likely opportunistic human pathogen (Irinyi et al. 2015); Endophyte detection method-culture (Busby et al. 2016),"b'Seehann G, et al. 1975. List of Fungi in Soft-Rot Tissue Tests. Institute fur Holzbiologie und Holzschutz, Bundesforschungsanstalt fur Forst - und Holzwirtshaft, Hamburg - Lohbrugge, Germany; Andrews JH, et al. 1983. Phytopathology 73228-234; Hanada RE, et al. 2010. Fungal Biology 114:901-910 ((https://doi.org/10.1016/j.funbio.2010.08.006)); Costa IPMW, et al. 2012. Mycotaxon 119:e26 ((http://mycotaxon.com/resources/checklists/costa_v119_checklist.pdf)); Tedersoo L, et al. 2014. Science 346:e1256688 ((https://doi.org/10.1126/science.1256688)); Irinyi L, et al. 2015. Medical Mycology 53:313-337 ((https://doi.org/10.1093/mmy/myv008)); Busby PE, et al. 2016. New Phytologist 209:1681-1692 ((https://doi.org/10.1111/nph.13742)); The American Phytopathological Society Common Names of Plant Diseases ((http://www.apsnet.org/publications/commonnames/Pages/default.aspx))'",High
otu136,Eukaryota__Ascomycota__Dothideomycetes__Pleosporales__Pleosporaceae__Bipolaris__Bipolaris maydis,Bipolaris,13,Pathotroph,Plant Pathogen,Microfungus,NULL,Probable,NULL,"b'Tedersoo L, et al. 2014. Science 346:e1256688 ((https://doi.org/10.1126/science.1256688))'",High
otu137,Eukaryota__Ascomycota__Eurotiomycetes__Onygenales__Unclassified__Paracoccidioides__Paracoccidioides lutzii,Paracoccidioides,13,Saprotroph,Undefined Saprotroph,NULL,NULL,Probable,NULL,"b'Tedersoo L, et al. 2014. Science 346:e1256688 ((https://doi.org/10.1126/science.1256688))'",Medium
otu138,Eukaryota__Ascomycota__Eurotiomycetes__Chaetothyriales__Herpotrichiellaceae__Capronia__Capronia coronata,Capronia,13,Symbiotroph,Endophyte,Facultative Yeast,NULL,Highly Probable,"Dark Septate Endophyte, known from plant roots.","b'Tedersoo L, et al. 2014. Science 346:e1256688 ((https://doi.org/10.1126/science.1256688))'",Low
otu139,Eukaryota__Basidiomycota__Agaricomycetes__Polyporales__Polyporaceae__Dichomitus__Dichomitus squalens,Dichomitus,13,Saprotroph,Wood Saprotroph,Corticioid,White Rot,Highly Probable,NULL,"b'Gilbertson RL, Ryvarden L. 1987-1987. North American Polypores. Fungiflora, Oslo (ISBN: 978-0945345060)'",Medium
otu14,Eukaryota__Ascomycota__Dothideomycetes__Capnodiales__Mycosphaerellaceae__Pseudocercospora__Pseudocercospora fijiensis,Pseudocercospora,13,Pathotroph,Plant Pathogen,Microfungus,NULL,Probable,NULL,"b'Tedersoo L, et al. 2014. Science 346:e1256688 ((https://doi.org/10.1126/science.1256688))'",Medium
otu140,Eukaryota__Ascomycota__Dothideomycetes__Pleosporales__Pleosporaceae__Pyrenophora__Pyrenophora tritici-repentis,Pyrenophora,13,Pathotroph,Plant Pathogen,Microfungus,NULL,Probable,NULL,"b'Tedersoo L, et al. 2014. Science 346:e1256688 ((https://doi.org/10.1126/science.1256688))'",Medium
otu141,Eukaryota__Ascomycota__Eurotiomycetes__Onygenales__Arthrodermataceae__Nannizzia__Nannizzia gypsea,Arthrodermataceae,9,Pathotroph-Saprotroph,Animal Pathogen-Undefined Saprotroph,NULL,NULL,Probable,"Principally affecting mammals (including humans) - Colonies present in substrata containing keratin, such as soil and birds nests - Dermatophyte fungi, causing ringworm and tinea of keratinous tissue e.g. hair, nails, and skin - Anamorphorphs-Chrysosporium, Microsporum, Trichophyton (Cannon & Kirk 2007)","b'Cannon PF, Kirk PM. 2007. Fungal Families of the World. CAB International, Cambridge (ISBN: 978-0851998275)'",High
otu142,Eukaryota__Ascomycota__Sordariomycetes__Hypocreales__Nectriaceae__Fusarium__Fusarium pseudograminearum,Fusarium,13,Pathotroph-Saprotroph-Symbiotroph,Animal Pathogen-Endophyte-Lichen Parasite-Plant Pathogen-Soil Saprotroph-Wood Saprotroph,Microfungus,NULL,Possible,Likely opportunistic human pathogen (Irinyi et al. 2015),"b'Duncan CG, Eslyn WE. 1966. Mycologia 58:642-664 ((https://doi.org/10.2307/3757045)); Seehann G, et al. 1975. List of Fungi in Soft-Rot Tissue Tests. Institute fur Holzbiologie und Holzschutz, Bundesforschungsanstalt fur Forst - und Holzwirtshaft, Hamburg - Lohbrugge, Germany; Costa IPMW, et al. 2012. Mycotaxon 119:e26 ((http://mycotaxon.com/resources/checklists/costa_v119_checklist.pdf)); Tedersoo L, et al. 2014. Science 346:e1256688 ((https://doi.org/10.1126/science.1256688)); Irinyi L, et al. 2015. Medical Mycology 53:313-337 ((https://doi.org/10.1093/mmy/myv008)); Schroers, et al. 2016. Mycologia 108:806-819 ((https://doi.org/10.3852/15-255)); The American Phytopathological Society Common Names of Plant Diseases ((http://www.apsnet.org/publications/commonnames/Pages/default.aspx)); Lawrey JD, Diederich P. 2016. http://www.lichenicolous.net (accessed 24 May 2017) ((http://www.lichenicolous.net))'",High
otu146,Eukaryota__Ascomycota__Saccharomycetes__Saccharomycetales__Debaryomycetaceae__Candida__Candida orthopsilosis,Candida,13,Pathotroph-Saprotroph-Symbiotroph,Animal Pathogen-Endophyte-Endosymbiont-Epiphyte-Soil Saprotroph-Undefined Saprotroph,Dimorphic Yeast,NULL,Probable,This asexual genus is polyphyletic and contain species that function very differently depend on what they are. Caution should be taken when interpreting guilds for Candida species.,"b'Manolakaki D, et al. 2010. Virulence. 1: 367-375 ((https://doi.org/10.4161/viru.1.5.12796)); Mekbib SB, et al. 2011. Tropical Plant Pathology 36:233-240 ((https://doi.org/10.1590/S1982-56762011000400004))'",High
otu147,Eukaryota__Basidiomycota__Agaricomycetes__Agaricales__Psathyrellaceae__Coprinopsis__Coprinopsis cinerea,Psathyrellaceae,9,Saprotroph,Dung Saprotroph-Plant Saprotroph-Wood Saprotroph,Agaricoid,NULL,Probable,"Saprobic, in grass, on dung, rotten wood and similar substrata (Cannon & Kirk 2007)","b'Cannon PF, Kirk PM. 2007. Fungal Families of the World. CAB International, Cambridge (ISBN: 978-0851998275)'",Medium
otu148,Eukaryota__Ascomycota__Sordariomycetes__Hypocreales__Nectriaceae__Fusarium__Nectria haematococca,Fusarium,13,Pathotroph-Saprotroph-Symbiotroph,Animal Pathogen-Endophyte-Lichen Parasite-Plant Pathogen-Soil Saprotroph-Wood Saprotroph,Microfungus,NULL,Possible,Likely opportunistic human pathogen (Irinyi et al. 2015),"b'Duncan CG, Eslyn WE. 1966. Mycologia 58:642-664 ((https://doi.org/10.2307/3757045)); Seehann G, et al. 1975. List of Fungi in Soft-Rot Tissue Tests. Institute fur Holzbiologie und Holzschutz, Bundesforschungsanstalt fur Forst - und Holzwirtshaft, Hamburg - Lohbrugge, Germany; Costa IPMW, et al. 2012. Mycotaxon 119:e26 ((http://mycotaxon.com/resources/checklists/costa_v119_checklist.pdf)); Tedersoo L, et al. 2014. Science 346:e1256688 ((https://doi.org/10.1126/science.1256688)); Irinyi L, et al. 2015. Medical Mycology 53:313-337 ((https://doi.org/10.1093/mmy/myv008)); Schroers, et al. 2016. Mycologia 108:806-819 ((https://doi.org/10.3852/15-255)); The American Phytopathological Society Common Names of Plant Diseases ((http://www.apsnet.org/publications/commonnames/Pages/default.aspx)); Lawrey JD, Diederich P. 2016. http://www.lichenicolous.net (accessed 24 May 2017) ((http://www.lichenicolous.net))'",High
otu149,Eukaryota__Ascomycota__Sordariomycetes__Togniniales__Togniniaceae__Phaeoacremonium__Phaeoacremonium minimum,Phaeoacremonium,13,Pathotroph,Plant Pathogen,NULL,NULL,Probable,NULL,"b'Tedersoo L, et al. 2014. Science 346:e1256688 ((https://doi.org/10.1126/science.1256688))'",Medium
otu15,Eukaryota__Ascomycota__Sordariomycetes__Hypocreales__Hypocreaceae__Trichoderma__Trichoderma reesei,Trichoderma,13,Pathotroph-Saprotroph-Symbiotroph,Animal Pathogen-Endophyte-Epiphyte-Fungal Parasite-Plant Pathogen-Wood Saprotroph,Microfungus,Soft Rot,Probable,Cause of soft-rot (Seehann et al. 1975); Likely opportunistic human pathogen (Irinyi et al. 2015); Endophyte detection method-culture (Busby et al. 2016),"b'Seehann G, et al. 1975. List of Fungi in Soft-Rot Tissue Tests. Institute fur Holzbiologie und Holzschutz, Bundesforschungsanstalt fur Forst - und Holzwirtshaft, Hamburg - Lohbrugge, Germany; Andrews JH, et al. 1983. Phytopathology 73228-234; Hanada RE, et al. 2010. Fungal Biology 114:901-910 ((https://doi.org/10.1016/j.funbio.2010.08.006)); Costa IPMW, et al. 2012. Mycotaxon 119:e26 ((http://mycotaxon.com/resources/checklists/costa_v119_checklist.pdf)); Tedersoo L, et al. 2014. Science 346:e1256688 ((https://doi.org/10.1126/science.1256688)); Irinyi L, et al. 2015. Medical Mycology 53:313-337 ((https://doi.org/10.1093/mmy/myv008)); Busby PE, et al. 2016. New Phytologist 209:1681-1692 ((https://doi.org/10.1111/nph.13742)); The American Phytopathological Society Common Names of Plant Diseases ((http://www.apsnet.org/publications/commonnames/Pages/default.aspx))'",High
otu150,Eukaryota__Ascomycota__Sordariomycetes__Hypocreales__Clavicipitaceae__Metarhizium__Metarhizium acridum,Metarhizium,13,Pathotroph,Animal Pathogen,NULL,NULL,Probable,NULL,"b'Tedersoo L, et al. 2014. Science 346:e1256688 ((https://doi.org/10.1126/science.1256688))'",High
otu151,Eukaryota__Ascomycota__Eurotiomycetes__Chaetothyriales__Herpotrichiellaceae__Exophiala__Exophiala oligosperma,Herpotrichiellaceae,9,Pathotroph-Saprotroph,Animal Pathogen-Fungal Parasite-Undefined Saprotroph,Facultative Yeast-Microfungus,NULL,Probable,"Mostly saprobic on plants or other fungi, isolated from soil etc., and from medical sources (Cannon & Kirk 2007)","b'Cannon PF, Kirk PM. 2007. Fungal Families of the World. CAB International, Cambridge (ISBN: 978-0851998275)'",High
otu153,Eukaryota__Ascomycota__Leotiomycetes__Helotiales__Unclassified__Phialocephala__Phialocephala scopiformis,Phialocephala,13,Symbiotroph,Endophyte,Microfungus,NULL,Highly Probable,"Dark Septate Endophyte, known from plant roots.",b'Newsham KK. 2011. New Phytologist 190:783-793 ((https://doi.org/10.1111/j.1469-8137.2010.03611.x)) (as dark septate root endophytes)',Low
otu154,Eukaryota__Ascomycota__Dothideomycetes__Capnodiales__Mycosphaerellaceae__Zymoseptoria__Zymoseptoria tritici,Mycosphaerellaceae,9,Pathotroph-Saprotroph,Plant Pathogen-Undefined Saprotroph,Microfungus,NULL,Probable,"Biotrophic, necrotrophic or saprobic on various plant tissues (Cannon & Kirk 2007)","b'Cannon PF, Kirk PM. 2007. Fungal Families of the World. CAB International, Cambridge (ISBN: 978-0851998275)'",Medium
otu155,Eukaryota__Ascomycota__Xylonomycetes__Xylonomycetales__Xylonomycetaceae__Xylona__Xylona heveae,Xylona,13,Symbiotroph,Endophyte,NULL,NULL,Probable,NULL,"b'Tedersoo L, et al. 2014. Science 346:e1256688 ((https://doi.org/10.1126/science.1256688))'",Low
otu156,Eukaryota__Ascomycota__Sordariomycetes__Glomerellales__Plectosphaerellaceae__Verticillium__Verticillium dahliae,Plectosphaerellaceae,13,Pathotroph-Saprotroph-Symbiotroph,Animal Pathogen-Endophyte-Fungal Parasite-Plant Pathogen-Wood Saprotroph,Microfungus,NULL,Possible,NULL,"b'Duncan CG, Eslyn WE. 1966. Mycologia 58:642-645 ((https://doi.org/10.2307/3757045)); Nilsson T. 1973. Studia Forestalia Suecica 104:1-40 ((https://pub.epsilon.slu.se/5711/)); Worrall JJ, et al. 1997. Mycologia 89:199-219 ((https://doi.org/10.2307/3761073)); Hanada RE, et al. 2010. Fungal Biology 114:901-910 ((https://doi.org/10.1016/j.funbio.2010.08.006)); Del Olmo-Ruiz M, Arnold AE. 2014. Mycologia 106:8-21 ((https://doi.org/10.3852/13-098)); Tedersoo L, et al. 2014. Science 346:e1256688 ((https://doi.org/10.1126/science.1256688)); Irinyi L, et al. 2015. Medical Mycology 53313-337 ((https://doi.org/10.1093/mmy/myv008)); List compiled by John Plischke III ((https://goodmushroom.weebly.com/uploads/5/7/1/7/57176535/fungi_on_fungi_pdf_lq.pdf))'",Medium
otu157,Eukaryota__Basidiomycota__Microbotryomycetes__Sporidiobolales__Sporidiobolaceae__Rhodotorula__Rhodotorula graminis,Rhodotorula,13,Pathotroph-Saprotroph,Animal Endosymbiont-Animal Pathogen-Endophyte-Plant Pathogen-Undefined Saprotroph,Yeast,NULL,Probable,Opportunistic human pathogen,b'https://www.cdc.gov ((https://www.cdc.gov))',High
otu16,Eukaryota__Ascomycota__Eurotiomycetes__Chaetothyriales__Herpotrichiellaceae__Exophiala__Exophiala xenobiotica,Herpotrichiellaceae,9,Pathotroph-Saprotroph,Animal Pathogen-Fungal Parasite-Undefined Saprotroph,Facultative Yeast-Microfungus,NULL,Probable,"Mostly saprobic on plants or other fungi, isolated from soil etc., and from medical sources (Cannon & Kirk 2007)","b'Cannon PF, Kirk PM. 2007. Fungal Families of the World. CAB International, Cambridge (ISBN: 978-0851998275)'",High
otu160,Eukaryota__Ascomycota__Dothideomycetes__Dothideales__Saccotheciaceae__Aureobasidium__Aureobasidium subglaciale,Aureobasidium,13,Pathotroph-Saprotroph-Symbiotroph,Animal Pathogen-Endophyte-Epiphyte-Plant Pathogen-Undefined Saprotroph,Facultative Yeast,NULL,Possible,NULL,"b'Costa IPMW, et al. 2012. Mycotaxon 119:e26 ((http://mycotaxon.com/resources/checklists/costa_v119_checklist.pdf)); Tedersoo L, et al. 2014. Science 346:e1256688 ((https://doi.org/10.1126/science.1256688)); Wachowska U, G\xc5\x82owacka K. 2014. BioControl 59:635-645 ((https://doi.org/10.1007/s10526-014-9596-5)); Irinyia L, et al. 2016. Fungal Biology 120:125-136 ((https://doi.org/10.1016/j.funbio.2015.04.007)); The American Phytopathological Society Common Names of Plant Diseases ((http://www.apsnet.org/publications/commonnames/Pages/default.aspx))'",Medium
otu161,Eukaryota__Basidiomycota__Malasseziomycetes__Malasseziales__Malasseziaceae__Malassezia__Malassezia sympodialis,Malassezia,13,Pathotroph-Saprotroph,Animal Pathogen-Undefined Saprotroph,Facultative Yeast,NULL,Probable,A lipid-dependent fungus growing on the sebaceous areas of human skin that may cause or exacerbate several skin diseases (Pityrosporum is a synonym that has been used for the yeast forms),"b'Kurtzman CP, et al. (eds.) 2011. The Yeasts, a Taxonomic Study. Fifth Edition. Vols 1-3. Elsevier, San Diego (ISBN: 9780444521491); Findley K, et al. 2013. Nature 498:367-370 ((https://doi.org/10.1038/nature12171))'",Medium
otu162,Eukaryota__Ascomycota__Schizosaccharomycetes__Schizosaccharomycetales__Schizosaccharomycetaceae__Schizosaccharomyces__Schizosaccharomyces japonicus,Schizosaccharomyces,13,Saprotroph,Undefined Saprotroph,Yeast,NULL,Highly Probable,Fission yeast,"b'Nagy LG, et al. 2014. Nature Communications 5:e4471 ((https://doi.org/10.1038/ncomms5471)); James TY, et al. 2006. Nature, 443:818-822 ((James TY, et al. 2006. Nature, 443, 818-822))'",Medium
otu163,Eukaryota__Ascomycota__Schizosaccharomycetes__Schizosaccharomycetales__Schizosaccharomycetaceae__Schizosaccharomyces__Schizosaccharomyces pombe,Schizosaccharomyces,13,Saprotroph,Undefined Saprotroph,Yeast,NULL,Highly Probable,Fission yeast,"b'Nagy LG, et al. 2014. Nature Communications 5:e4471 ((https://doi.org/10.1038/ncomms5471)); James TY, et al. 2006. Nature, 443:818-822 ((James TY, et al. 2006. Nature, 443, 818-822))'",Medium
otu164,Eukaryota__Ascomycota__Eurotiomycetes__Onygenales__Arthrodermataceae__Microsporum__Arthroderma otae,Arthroderma,13,Pathotroph-Saprotroph,Animal Pathogen-Undefined Saprotroph,NULL,NULL,Probable,Likely opportunistic human pathogen (Irinyi et al. 2015),"b'Tedersoo L, et al. 2014. Science 346:e1256688 ((https://doi.org/10.1126/science.1256688)); Irinyi L, et al. 2015. Medical Mycology 53:313-337 ((https://doi.org/10.1093/mmy/myv008)); https://www.cdc.gov ((https://www.cdc.gov))'",Medium
otu165,Eukaryota__Ascomycota__Eurotiomycetes__Eurotiales__Trichocomaceae__Rasamsonia__Rasamsonia emersonii,Rasamsonia,13,Saprotroph,Undefined Saprotroph,NULL,NULL,Probable,NULL,"b'Tedersoo L, et al. 2014. Science 346:e1256688 ((https://doi.org/10.1126/science.1256688))'",Medium
otu167,Eukaryota__Ascomycota__Eurotiomycetes__Onygenales__Unclassified__Coccidioides__Coccidioides posadasii,Coccidioides,13,Pathotroph-Saprotroph,Animal Pathogen-Soil Saprotroph,Facultative Yeast,NULL,Highly Probable,Human pathogen causing valley fever (coccidioidomycosis-www.cdc.gov),"b'Tedersoo L, et al. 2014. Science 346:e1256688 ((https://doi.org/10.1126/science.1256688)); https://www.cdc.gov ((https://www.cdc.gov))'",Medium
otu168,Eukaryota__Ascomycota__Eurotiomycetes__Chaetothyriales__Herpotrichiellaceae__Fonsecaea__Fonsecaea pedrosoi,Fonsecaea,13,Pathotroph-Saprotroph,Animal Pathogen-Soil Saprotroph,Dimorphic Yeast,NULL,Probable,"Fonsecaea pedrosoi is soil-borne and the major etiological agent of chromoblastomycosis, a chronic disease that can affect immunocompetent hosts (Cunha et al. 2010)","b'Cunha MML, et al. 2010 ((https://doi.org/10.1186/1471-2180-10-80)); Tedersoo L, et al. 2014. Science 346:e1256688 ((https://doi.org/10.1126/science.1256688)); https://www.cdc.gov ((https://www.cdc.gov))'",High
otu169,Eukaryota__Ascomycota__Eurotiomycetes__Eurotiales__Trichocomaceae__Talaromyces__Talaromyces marneffei,Talaromyces,13,Saprotroph,Undefined Saprotroph,NULL,NULL,Probable,NULL,"b'Tedersoo L, et al. 2014. Science 346:e1256688 ((https://doi.org/10.1126/science.1256688))'",Medium
otu17,Eukaryota__Basidiomycota__Malasseziomycetes__Malasseziales__Malasseziaceae__Malassezia__Malassezia globosa,Malassezia,13,Pathotroph-Saprotroph,Animal Pathogen-Undefined Saprotroph,Facultative Yeast,NULL,Probable,A lipid-dependent fungus growing on the sebaceous areas of human skin that may cause or exacerbate several skin diseases (Pityrosporum is a synonym that has been used for the yeast forms),"b'Kurtzman CP, et al. (eds.) 2011. The Yeasts, a Taxonomic Study. Fifth Edition. Vols 1-3. Elsevier, San Diego (ISBN: 9780444521491); Findley K, et al. 2013. Nature 498:367-370 ((https://doi.org/10.1038/nature12171))'",Medium
otu170,Eukaryota__Basidiomycota__Agaricomycetes__Agaricales__Schizophyllaceae__Schizophyllum__Schizophyllum commune,Schizophyllum,13,Saprotroph,Wood Saprotroph,NULL,White Rot,Highly Probable,NULL,"b'Ahmada SS, Miles PG. 1970. Genetical Research 15:19-28 ((https://doi.org/10.1017/S0016672300001336))'",Medium
otu171,Eukaryota__Ascomycota__Saccharomycetes__Saccharomycetales__Pichiaceae__Pichia__Pichia membranifaciens,Pichia,13,Pathotroph-Saprotroph-Symbiotroph,Animal Endosymbiont-Animal Pathogen-Plant Pathogen-Undefined Saprotroph,Yeast,NULL,Probable,Found in wood and digestive systems of the beetle Odontotaenius disjunctus; Likely opportunistic human pathogen (Irinyi et al. 2015),"b'Kurtzman CP, et al. (eds.) 2011. The Yeasts, a Taxonomic Study. Fifth Edition. Vols 1-3. Elsevier, San Diego (ISBN: 9780444521491); Irinyi L, et al. 2015. Medical Mycology 53:313-337 ((https://doi.org/10.1093/mmy/myv008)); The American Phytopathological Society Common Names of Plant Diseases ((https://www.apsnet.org/edcenter/resources/commonnames/Pages/default.aspx)); https://www.cdc.gov ((https://www.cdc.gov))'",High
otu172,Eukaryota__Chytridiomycota__Chytridiomycetes__Rhizophydiales__Unclassified__Batrachochytrium__Batrachochytrium dendrobatidis,Batrachochytrium,13,Pathotroph,Animal Pathogen,Microfungus,NULL,Probable,Chytridiomycosis responsible for amphibian die-off,"b'Fisher MC, et al. 2012. Nature 484:186-194 ((https://doi.org/10.1038/nature10947)); Tedersoo L, et al. 2014. Science 346:e1256688 ((https://doi.org/10.1126/science.1256688))'",Medium
otu173,Eukaryota__Ascomycota__Eurotiomycetes__Onygenales__Arthrodermataceae__Trichophyton__Trichophyton verrucosum,Trichophyton,13,Saprotroph,Undefined Saprotroph,NULL,NULL,Probable,NULL,"b'Tedersoo L, et al. 2014. Science 346:e1256688 ((https://doi.org/10.1126/science.1256688))'",High
otu174,Eukaryota__Ascomycota__Eurotiomycetes__Chaetothyriales__Cyphellophoraceae__Cyphellophora__Cyphellophora europaea,Cyphellophora,13,Pathotroph-Saprotroph,Animal Pathogen-Undefined Saprotroph,Facultative Yeast-Microfungus,NULL,Probable,Consult the current literature for updated names on this group that included the Black Yeasts; Some species are likely opportunistic human pathogen (Irinyi et al. 2015),"b'Tedersoo L, et al. 2014. Science 346:e1256688 ((https://doi.org/10.1126/science.1256688)); Irinyi L, et al. 2015. Medical Mycology 53:313-337 ((https://doi.org/10.1093/mmy/myv008))'",Medium
otu175,Eukaryota__Basidiomycota__Ustilaginomycetes__Ustilaginales__Ustilaginaceae__Ustilago__Ustilago maydis,Ustilago,13,Pathotroph,Plant Pathogen,Facultative Yeast-Smut,NULL,Probable,NULL,"b'Tedersoo L, et al. 2014. Science 346:e1256688 ((https://doi.org/10.1126/science.1256688))'",High
otu177,Eukaryota__Ascomycota__Dothideomycetes__Pleosporales__Pleosporaceae__Pyrenophora__Pyrenophora teres,Pyrenophora,13,Pathotroph,Plant Pathogen,Microfungus,NULL,Probable,NULL,"b'Tedersoo L, et al. 2014. Science 346:e1256688 ((https://doi.org/10.1126/science.1256688))'",Medium
otu178,Eukaryota__Ascomycota__Eurotiomycetes__Chaetothyriales__Herpotrichiellaceae__Cladophialophora__Cladophialophora carrionii,Cladophialophora,13,Saprotroph,Undefined Saprotroph,Microfungus,NULL,Probable,NULL,"b'James TY, et al. 2006. Nature 443:818-822 ((https://doi.org/10.1038/nature05110))'",Medium
otu18,Eukaryota__Ascomycota__Sordariomycetes__Xylariales__Sporocadaceae__Pestalotiopsis__Pestalotiopsis fici,Pestalotiopsis,13,Pathotroph,Plant Pathogen,NULL,NULL,Probable,NULL,"b'Tedersoo L, et al. 2014. Science 346:e1256688 ((https://doi.org/10.1126/science.1256688))'",Medium
otu180,Eukaryota__Ascomycota__Eurotiomycetes__Chaetothyriales__Herpotrichiellaceae__Cladophialophora__Cladophialophora bantiana,Cladophialophora,13,Saprotroph,Undefined Saprotroph,Microfungus,NULL,Probable,NULL,"b'James TY, et al. 2006. Nature 443:818-822 ((https://doi.org/10.1038/nature05110))'",Medium
otu181,Eukaryota__Ascomycota__Saccharomycetes__Saccharomycetales__Saccharomycetaceae__Kluyveromyces__Kluyveromyces marxianus,Kluyveromyces,13,Saprotroph-Symbiotroph,Endophyte-Undefined Saprotroph,Yeast,NULL,Probable,Host - Boraginaceae,"b'James TY, et al. 2006. Nature 443:818-822 ((https://doi.org/10.1038/nature05110)); Costa IPMW, et al. 2012. Mycotaxon 119:e26 ((http://mycotaxon.com/resources/checklists/costa_v119_checklist.pdf))'",Medium
otu182,Eukaryota__Basidiomycota__Mixiomycetes__Mixiales__Mixiaceae__Mixia__Mixia osmundae,Mixia,13,Saprotroph,Undefined Saprotroph,Facultative Yeast,NULL,Highly Probable,NULL,"b'Nagy LG, et al. 2014. Nature Communications 5:e4471 ((https://doi.org/10.1038/ncomms5471))'",Low
otu184,Eukaryota__Ascomycota__Dothideomycetes__Pleosporales__Didymosphaeriaceae__Paraphaeosphaeria__Paraphaeosphaeria sporulosa,Paraphaeosphaeria,13,Saprotroph,Undefined Saprotroph,NULL,NULL,Probable,NULL,"b'Tedersoo L, et al. 2014. Science 346:e1256688 ((https://doi.org/10.1126/science.1256688))'",Medium
otu186,Eukaryota__Ascomycota__Saccharomycetes__Saccharomycetales__Phaffomycetaceae__Wickerhamomyces__Wickerhamomyces ciferrii,Wickerhamomyces,13,Saprotroph,Undefined Saprotroph,Yeast,NULL,Probable,NULL,"b'Kurtzman CP, et al. 2008. FEMS Yeast Research 8:939-954 ((https://doi.org/10.1111/j.1567-1364.2008.00419.x))'",Medium
otu188,Eukaryota__Ascomycota__Eurotiomycetes__Onygenales__Onygenaceae__Uncinocarpus__Uncinocarpus reesii,Uncinocarpus,13,Saprotroph,Undefined Saprotroph,NULL,NULL,Probable,NULL,"b'Tedersoo L, et al. 2014. Science 346:e1256688 ((https://doi.org/10.1126/science.1256688))'",Low
otu189,Eukaryota__Ascomycota__Saccharomycetes__Saccharomycetales__Debaryomycetaceae__Candida__Candida tropicalis,Candida,13,Pathotroph-Saprotroph-Symbiotroph,Animal Pathogen-Endophyte-Endosymbiont-Epiphyte-Soil Saprotroph-Undefined Saprotroph,Dimorphic Yeast,NULL,Probable,This asexual genus is polyphyletic and contain species that function very differently depend on what they are. Caution should be taken when interpreting guilds for Candida species.,"b'Manolakaki D, et al. 2010. Virulence. 1: 367-375 ((https://doi.org/10.4161/viru.1.5.12796)); Mekbib SB, et al. 2011. Tropical Plant Pathology 36:233-240 ((https://doi.org/10.1590/S1982-56762011000400004))'",High
otu19,Eukaryota__Basidiomycota__Agaricomycetes__Agaricales__Agaricaceae__Agaricus__Agaricus bisporus,Agaricaceae,9,Saprotroph,Undefined Saprotroph,Agaricoid-Gasteroid-Secotioid,NULL,Probable,Primarily saprobes in grassland and woodland situations (Cannon & Kirk 2007),"b'Cannon PF, Kirk PM. 2007. Fungal Families of the World. CAB International, Cambridge (ISBN: 978-0851998275)'",Medium
otu191,Eukaryota__Ascomycota__Eurotiomycetes__Eurotiales__Trichocomaceae__Talaromyces__Talaromyces atroroseus,Talaromyces,13,Saprotroph,Undefined Saprotroph,NULL,NULL,Probable,NULL,"b'Tedersoo L, et al. 2014. Science 346:e1256688 ((https://doi.org/10.1126/science.1256688))'",Medium
otu193,Eukaryota__Ascomycota__Saccharomycetes__Saccharomycetales__Debaryomycetaceae__Debaryomyces__Debaryomyces hansenii,Debaryomyces,13,Saprotroph,Undefined Saprotroph,Yeast,NULL,Highly Probable,NULL,"b'Kurtzman CP, et al. (eds.) 2011. The Yeasts, a Taxonomic Study. Fifth Edition. Vols 1-3. Elsevier, San Diego (ISBN: 9780444521491)'",Medium
otu194,Eukaryota__Basidiomycota__Microbotryomycetes__Sporidiobolales__Sporidiobolaceae__Rhodotorula__Rhodotorula toruloides,Rhodotorula,13,Pathotroph-Saprotroph,Animal Endosymbiont-Animal Pathogen-Endophyte-Plant Pathogen-Undefined Saprotroph,Yeast,NULL,Probable,Opportunistic human pathogen,b'https://www.cdc.gov ((https://www.cdc.gov))',High
otu196,Eukaryota__Ascomycota__Sordariomycetes__Glomerellales__Glomerellaceae__Colletotrichum__Colletotrichum fioriniae,Colletotrichum,13,Pathotroph-Symbiotroph,Endophyte-Plant Pathogen,Microfungus,NULL,Probable,NULL,"b'Costa IPMW, et al. 2012. Mycotaxon 119:e26 ((http://mycotaxon.com/resources/checklists/costa_v119_checklist.pdf)); Tedersoo L, et al. 2014. Science 346:e1256688 ((https://doi.org/10.1126/science.1256688)); The American Phytopathological Society Common Names of Plant Diseases ((http://www.apsnet.org/publications/commonnames/Pages/default.aspx))'",High
otu198,Eukaryota__Basidiomycota__Tremellomycetes__Tremellales__Cryptococcaceae__Cryptococcus__Cryptococcus amylolentus,Cryptococcus,13,Pathotroph-Saprotroph-Symbiotroph,Animal Pathogen-Endophyte-Epiphyte-Undefined Saprotroph,Dimorphic Yeast,NULL,Possible,NULL,"b'Andrews JH, et al. 1983. Phytopathology 73:228-234 ((https://doi.org/10.1094/Phyto-73-228)); Kurtzman CP, et al. (eds.) 2011. The Yeasts, a Taxonomic Study. Fifth Edition. Vols 1-3. Elsevier, San Diego (ISBN: 9780444521491)'",Medium
otu199,Eukaryota__Ascomycota__Dothideomycetes__Pleosporales__Pleosporaceae__Bipolaris__Bipolaris oryzae,Bipolaris,13,Pathotroph,Plant Pathogen,Microfungus,NULL,Probable,NULL,"b'Tedersoo L, et al. 2014. Science 346:e1256688 ((https://doi.org/10.1126/science.1256688))'",High
otu2,Eukaryota__Basidiomycota__Agaricomycetes__Hymenochaetales__Hymenochaetaceae__Fomitiporia__Fomitiporia mediterranea,Fomitiporia,13,Pathotroph-Saprotroph,Plant Pathogen-Wood Saprotroph,Polyporoid,White Rot,Probable,NULL,"b'Tedersoo L, et al. 2014. Science 346:e1256688 ((https://doi.org/10.1126/science.1256688))'",High
otu20,Eukaryota__Ascomycota__Eurotiomycetes__Eurotiales__Aspergillaceae__Penicilliopsis__Penicilliopsis zonata,Penicilliopsis,13,Saprotroph,Undefined Saprotroph,NULL,NULL,Probable,NULL,"b'Tedersoo L, et al. 2014. Science 346:e1256688 ((https://doi.org/10.1126/science.1256688))'",Medium
otu202,Eukaryota__Ascomycota__Saccharomycetes__Saccharomycetales__Saccharomycetaceae__Lachancea__Lachancea lanzarotensis,Lachancea,13,Pathotroph,Animal Pathogen,Yeast,NULL,Possible,Likely opportunistic human pathogen (Irinyi et al. 2015; see L. fermentati),"b'Irinyi L, et al. 2015. Medical Mycology 53:313-337 ((https://doi.org/10.1093/mmy/myv008))'",High
otu203,Eukaryota__Ascomycota__Saccharomycetes__Saccharomycetales__Saccharomycetaceae__Eremothecium__Eremothecium cymbalariae,Eremothecium,13,Pathotroph,Plant Pathogen,NULL,NULL,Probable,NULL,b'The American Phytopathological Society Common Names of Plant Diseases ((http://www.apsnet.org/publications/commonnames/Pages/default.aspx))',Medium
otu204,Eukaryota__Basidiomycota__Ustilaginomycetes__Ustilaginales__Ustilaginaceae__Kalmanozyma__Kalmanozyma brasiliensis,Ustilaginaceae,9,Pathotroph,Plant Pathogen,Facultative Yeast-Smut,NULL,Probable,Biotrophic in living tissue of Gramineae and Cyperaceae (Cannon & Kirk 2007),"b'Cannon PF, Kirk PM. 2007. Fungal Families of the World. CAB International, Cambridge (ISBN: 978-0851998275)'",Medium
otu208,Eukaryota__Basidiomycota__Exobasidiomycetes__Georgefischeriales__Tilletiariaceae__Tilletiaria__Tilletiaria anomala,Tilletiaria,13,Pathotroph,Plant Pathogen,Facultative Yeast,NULL,Probable,NULL,"b'Kurtzman CP, et al. (eds.) 2011. The Yeasts, a Taxonomic Study. Fifth Edition. Vols 1-3. Elsevier, San Diego (ISBN: 9780444521491)'",Medium
otu209,Eukaryota__Ascomycota__Pneumocystidomycetes__Unclassified__Pneumocystidaceae__Pneumocystis__Pneumocystis jirovecii,Pneumocystis,13,Pathotroph,Animal Pathogen,NULL,NULL,Highly Probable,Opportunistic human pathogen,"b'Bowman BH, et al. 1992. Molecular Biology and Evolution 9:893-904 ((https://doi.org/10.1093/oxfordjournals.molbev.a040766))'",High
otu210,Eukaryota__Ascomycota__Saccharomycetes__Saccharomycetales__Saccharomycetaceae__Saccharomyces__Saccharomyces eubayanus,Saccharomyces,13,Saprotroph,Undefined Saprotroph,Yeast,NULL,Probable,NULL,"b'James TY, et al. 2006. Nature 443:818-822 ((https://doi.org/10.1038/nature05110))'",Medium
otu22,Eukaryota__Basidiomycota__Agaricomycetes__Gloeophyllales__Gloeophyllaceae__Gloeophyllum__Gloeophyllum trabeum,Gloeophyllum,13,Saprotroph,Wood Saprotroph,Polyporoid,Brown Rot,Highly Probable,NULL,"b'Gilbertson RL, Ryvarden L. 1987-1987. North American Polypores. Fungiflora, Oslo (ISBN: 978-0945345060)'",Low
otu23,Eukaryota__Ascomycota__Sordariomycetes__Sordariales__Lasiosphaeriaceae__Podospora__Podospora anserina,Podospora,13,Saprotroph-Symbiotroph,Dung Saprotroph-Endophyte-Litter Saprotroph-Undefined Saprotroph,Microfungus,NULL,Possible,Endophyte detection method-culture (David et al. 2016),"b'Bell A. 1983. Dung Fungi: An Illustrated Guide to Coprophilous Fungi in New Zealand. Victoria University Press, Wellington (ISBN: 978-0864730015); Tedersoo L, et al. 2014. Science 346:e1256688 ((https://doi.org/10.1126/science.1256688)); David AS, et al. 2016. Microbial Ecology 71:912-926 ((https://doi.org/10.1007/s00248-015-0712-6)); Purahong W, et al. 2016. Molecular Ecology 25:4059-4074 ((https://doi.org/10.1111/mec.13739)) (as litter saprotroph)'",Medium
otu24,Eukaryota__Ascomycota__Sordariomycetes__Hypocreales__Clavicipitaceae__Metarhizium__Metarhizium robertsii,Metarhizium,13,Pathotroph,Animal Pathogen,NULL,NULL,Probable,NULL,"b'Tedersoo L, et al. 2014. Science 346:e1256688 ((https://doi.org/10.1126/science.1256688))'",High
otu25,Eukaryota__Ascomycota__Sordariomycetes__Sordariales__Chaetomiaceae__Thielavia__Thielavia terrestris,Thielavia,13,Saprotroph,Dung Saprotroph-Undefined Saprotroph,Microfungus,NULL,Highly Probable,NULL,"b'Bills GF, et al. 2013. Current Opinion in Microbiology 16:549-565 ((https://doi.org/10.1016/j.mib.2013.08.001)); Tedersoo L, et al. 2014. Science 346:e1256688 ((https://doi.org/10.1126/science.1256688))'",Medium
otu26,Eukaryota__Ascomycota__Eurotiomycetes__Chaetothyriales__Herpotrichiellaceae__Cladophialophora__Cladophialophora psammophila,Cladophialophora,13,Saprotroph,Undefined Saprotroph,Microfungus,NULL,Probable,NULL,"b'James TY, et al. 2006. Nature 443:818-822 ((https://doi.org/10.1038/nature05110))'",Medium
otu27,Eukaryota__Basidiomycota__Tremellomycetes__Trichosporonales__Trichosporonaceae__Trichosporon__Trichosporon asahii,Trichosporon,13,Pathotroph,Animal Pathogen,NULL,NULL,Probable,Likely opportunistic human pathogen (Irinyi et al. 2015),"b'Irinyi L, et al. 2015. Medical Mycology 53:313-337 ((https://doi.org/10.1093/mmy/myv008)); https://www.cdc.gov ((https://www.cdc.gov))'",High
otu28,Eukaryota__Ascomycota__Eurotiomycetes__Chaetothyriales__Herpotrichiellaceae__Fonsecaea__Fonsecaea erecta,Fonsecaea,13,Pathotroph-Saprotroph,Animal Pathogen-Soil Saprotroph,Dimorphic Yeast,NULL,Probable,"Fonsecaea pedrosoi is soil-borne and the major etiological agent of chromoblastomycosis, a chronic disease that can affect immunocompetent hosts (Cunha et al. 2010)","b'Cunha MML, et al. 2010 ((https://doi.org/10.1186/1471-2180-10-80)); Tedersoo L, et al. 2014. Science 346:e1256688 ((https://doi.org/10.1126/science.1256688)); https://www.cdc.gov ((https://www.cdc.gov))'",High
otu29,Eukaryota__Ascomycota__Eurotiomycetes__Eurotiales__Aspergillaceae__Penicillium__Penicillium expansum,Penicillium,13,Saprotroph,Dung Saprotroph-Undefined Saprotroph-Wood Saprotroph,Microfungus,Soft Rot,Highly Probable,NULL,"b'Duncan CG, Eslyn WE. 1966. Mycologia 58642-664; Seehann G, et al. 1975. List of Fungi in Soft-Rot Tissue Tests. Institute fur Holzbiologie und Holzschutz, Bundesforschungsanstalt fur Forst - und Holzwirtshaft, Hamburg - Lohbrugge, Germany; Costa IPMW, et al. 2012. Mycotaxon 119:e26 ((http://mycotaxon.com/resources/checklists/costa_v119_checklist.pdf)); Bills GF, et al. 2013. Current Opinion in Microbiology 16:549-565 ((https://doi.org/10.1016/j.mib.2013.08.001)); Tedersoo L, et al. 2014. Science 346:e1256688 ((https://doi.org/10.1126/science.1256688)); The American Phytopathological Society Common Names of Plant Diseases ((http://www.apsnet.org/publications/commonnames/Pages/default.aspx))'",High
otu3,Eukaryota__Basidiomycota__Agaricomycetes__Polyporales__Unclassified__Fibroporia__Fibroporia radiculosa,Fibroporia,13,Saprotroph,Wood Saprotroph,Corticioid,Brown Rot,Probable,NULL,"b'Tedersoo L, et al. 2014. Science 346:e1256688 ((https://doi.org/10.1126/science.1256688))'",Medium
otu30,Eukaryota__Ascomycota__Sordariomycetes__Sordariales__Sordariaceae__Neurospora__Neurospora tetrasperma,Neurospora,13,Saprotroph,Undefined Saprotroph,NULL,NULL,Probable,NULL,"b'Tedersoo L, et al. 2014. Science 346:e1256688 ((https://doi.org/10.1126/science.1256688))'",Medium
otu32,Eukaryota__Ascomycota__Sordariomycetes__Xylariales__Diatrypaceae__Eutypa__Eutypa lata,Eutypa,13,Pathotroph,Plant Pathogen,NULL,NULL,Probable,NULL,"b'Tedersoo L, et al. 2014. Science 346:e1256688 ((https://doi.org/10.1126/science.1256688))'",High
otu33,Eukaryota__Basidiomycota__Agaricomycetes__Polyporales__Dacryobolaceae__Postia__Postia placenta,Postia,13,Saprotroph,Wood Saprotroph,Polyporoid,Brown Rot,Highly Probable,NULL,"b'Jordan CR, et al. 1996. Holzforschung - International Journal of the Biology, Chemistry, Physics and Technology of Wood 50:312-318 ((https://doi.org/10.1515/hfsg.1996.50.4.312))'",Medium
otu34,Eukaryota__Ascomycota__Dothideomycetes__Pleosporales__Phaeosphaeriaceae__Parastagonospora__Parastagonospora nodorum,Phaeosphaeriaceae,9,Pathotroph-Saprotroph,Fungal Parasite-Plant Pathogen-Plant Saprotroph,Microfungus,NULL,Probable,"Necrotrophic or saprobic on a wide range of plants, especially monocotyledons; a few species parasitic on other fungi (Cannon & Kirk 2007)","b'Cannon PF, Kirk PM. 2007. Fungal Families of the World. CAB International, Cambridge (ISBN: 978-0851998275)'",High
otu35,Eukaryota__Ascomycota__Sordariomycetes__Ophiostomatales__Ophiostomataceae__Grosmannia__Grosmannia clavigera,Grosmannia,13,Pathotroph,Plant Pathogen,NULL,Blue-Staining,Probable,NULL,"b'Tedersoo L, et al. 2014. Science 346:e1256688 ((https://doi.org/10.1126/science.1256688))'",High
otu36,Eukaryota__Basidiomycota__Wallemiomycetes__Wallemiales__Unclassified__Wallemia__Wallemia mellicola,Wallemia,13,Saprotroph,Undefined Saprotroph,NULL,NULL,Probable,NULL,"b'Tedersoo L, et al. 2014. Science 346:e1256688 ((https://doi.org/10.1126/science.1256688))'",Medium
otu37,Eukaryota__Ascomycota__Eurotiomycetes__Eurotiales__Aspergillaceae__Penicillium__Penicillium arizonense,Penicillium,13,Saprotroph,Dung Saprotroph-Undefined Saprotroph-Wood Saprotroph,Microfungus,Soft Rot,Highly Probable,NULL,"b'Duncan CG, Eslyn WE. 1966. Mycologia 58642-664; Seehann G, et al. 1975. List of Fungi in Soft-Rot Tissue Tests. Institute fur Holzbiologie und Holzschutz, Bundesforschungsanstalt fur Forst - und Holzwirtshaft, Hamburg - Lohbrugge, Germany; Costa IPMW, et al. 2012. Mycotaxon 119:e26 ((http://mycotaxon.com/resources/checklists/costa_v119_checklist.pdf)); Bills GF, et al. 2013. Current Opinion in Microbiology 16:549-565 ((https://doi.org/10.1016/j.mib.2013.08.001)); Tedersoo L, et al. 2014. Science 346:e1256688 ((https://doi.org/10.1126/science.1256688)); The American Phytopathological Society Common Names of Plant Diseases ((http://www.apsnet.org/publications/commonnames/Pages/default.aspx))'",High
otu4,Eukaryota__Ascomycota__Eurotiomycetes__Onygenales__Arthrodermataceae__Trichophyton__Trichophyton rubrum,Trichophyton,13,Saprotroph,Undefined Saprotroph,NULL,NULL,Probable,NULL,"b'Tedersoo L, et al. 2014. Science 346:e1256688 ((https://doi.org/10.1126/science.1256688))'",High
otu40,Eukaryota__Ascomycota__Dothideomycetes__Pleosporales__Leptosphaeriaceae__Leptosphaeria maculans species complex__Leptosphaeria maculans,Leptosphaeria,13,Pathotroph,Plant Pathogen,Microfungus,NULL,Probable,NULL,"b'Tedersoo L, et al. 2014. Science 346:e1256688 ((https://doi.org/10.1126/science.1256688))'",Medium
otu41,Eukaryota__Ascomycota__Saccharomycetes__Saccharomycetales__Dipodascaceae__Yarrowia__Yarrowia lipolytica,Yarrowia,13,Saprotroph,Undefined Saprotroph,Yeast,NULL,Highly Probable,NULL,"b'Kurtzman CP, et al. (eds.) 2011. The Yeasts, a Taxonomic Study. Fifth Edition. Vols 1-3. Elsevier, San Diego (ISBN: 9780444521491)'",High
otu42,Eukaryota__Basidiomycota__Agaricomycetes__Boletales__Coniophoraceae__Coniophora__Coniophora puteana,Coniophora,13,Saprotroph,Wood Saprotroph,Corticioid,Brown Rot,Probable,NULL,"b'Tedersoo L, et al. 2014. Science 346:e1256688 ((https://doi.org/10.1126/science.1256688))'",Medium
otu45,Eukaryota__Ascomycota__Sordariomycetes__Sordariales__Sordariaceae__Neurospora__Neurospora crassa,Neurospora,13,Saprotroph,Undefined Saprotroph,NULL,NULL,Probable,NULL,"b'Tedersoo L, et al. 2014. Science 346:e1256688 ((https://doi.org/10.1126/science.1256688))'",Medium
otu46,Eukaryota__Ascomycota__Saccharomycetes__Saccharomycetales__Saccharomycetaceae__Kluyveromyces__Kluyveromyces lactis,Kluyveromyces,13,Saprotroph-Symbiotroph,Endophyte-Undefined Saprotroph,Yeast,NULL,Probable,Host - Boraginaceae,"b'James TY, et al. 2006. Nature 443:818-822 ((https://doi.org/10.1038/nature05110)); Costa IPMW, et al. 2012. Mycotaxon 119:e26 ((http://mycotaxon.com/resources/checklists/costa_v119_checklist.pdf))'",Medium
otu47,Eukaryota__Ascomycota__Sordariomycetes__Hypocreales__Ophiocordycipitaceae__Purpureocillium__Purpureocillium lilacinum,Purpureocillium,13,Pathotroph,Fungal Parasite,NULL,NULL,Probable,NULL,"b'Tedersoo L, et al. 2014. Science 346:e1256688 ((https://doi.org/10.1126/science.1256688))'",High
otu48,Eukaryota__Ascomycota__Eurotiomycetes__Chaetothyriales__Herpotrichiellaceae__Exophiala__Exophiala mesophila,Herpotrichiellaceae,9,Pathotroph-Saprotroph,Animal Pathogen-Fungal Parasite-Undefined Saprotroph,Facultative Yeast-Microfungus,NULL,Probable,"Mostly saprobic on plants or other fungi, isolated from soil etc., and from medical sources (Cannon & Kirk 2007)","b'Cannon PF, Kirk PM. 2007. Fungal Families of the World. CAB International, Cambridge (ISBN: 978-0851998275)'",High
otu49,Eukaryota__Ascomycota__Eurotiomycetes__Verrucariales__Verrucariaceae__Endocarpon__Endocarpon pusillum,Endocarpon,13,Symbiotroph,Lichenized,Thallus,NULL,Highly Probable,NULL,b'Esslinger TL. 2014. North Dakota State University ((http://www.ndsu.edu/pubweb/~esslinge/chcklst/chcklst7.htm))',Low
otu5,Eukaryota__Ascomycota__Saccharomycetes__Saccharomycetales__Debaryomycetaceae__Candida__Candida dubliniensis,Candida,13,Pathotroph-Saprotroph-Symbiotroph,Animal Pathogen-Endophyte-Endosymbiont-Epiphyte-Soil Saprotroph-Undefined Saprotroph,Dimorphic Yeast,NULL,Probable,This asexual genus is polyphyletic and contain species that function very differently depend on what they are. Caution should be taken when interpreting guilds for Candida species.,"b'Manolakaki D, et al. 2010. Virulence. 1: 367-375 ((https://doi.org/10.4161/viru.1.5.12796)); Mekbib SB, et al. 2011. Tropical Plant Pathology 36:233-240 ((https://doi.org/10.1590/S1982-56762011000400004))'",High
otu50,Eukaryota__Ascomycota__Sordariomycetes__Hypocreales__Cordycipitaceae__Beauveria__Beauveria bassiana,Beauveria,13,Pathotroph,Animal Pathogen,NULL,NULL,Probable,NULL,"b'Tedersoo L, et al. 2014. Science 346:e1256688 ((https://doi.org/10.1126/science.1256688))'",High
otu51,Eukaryota__Ascomycota__Sordariomycetes__Hypocreales__Nectriaceae__Fusarium__Fusarium graminearum,Fusarium,13,Pathotroph-Saprotroph-Symbiotroph,Animal Pathogen-Endophyte-Lichen Parasite-Plant Pathogen-Soil Saprotroph-Wood Saprotroph,Microfungus,NULL,Possible,Likely opportunistic human pathogen (Irinyi et al. 2015),"b'Duncan CG, Eslyn WE. 1966. Mycologia 58:642-664 ((https://doi.org/10.2307/3757045)); Seehann G, et al. 1975. List of Fungi in Soft-Rot Tissue Tests. Institute fur Holzbiologie und Holzschutz, Bundesforschungsanstalt fur Forst - und Holzwirtshaft, Hamburg - Lohbrugge, Germany; Costa IPMW, et al. 2012. Mycotaxon 119:e26 ((http://mycotaxon.com/resources/checklists/costa_v119_checklist.pdf)); Tedersoo L, et al. 2014. Science 346:e1256688 ((https://doi.org/10.1126/science.1256688)); Irinyi L, et al. 2015. Medical Mycology 53:313-337 ((https://doi.org/10.1093/mmy/myv008)); Schroers, et al. 2016. Mycologia 108:806-819 ((https://doi.org/10.3852/15-255)); The American Phytopathological Society Common Names of Plant Diseases ((http://www.apsnet.org/publications/commonnames/Pages/default.aspx)); Lawrey JD, Diederich P. 2016. http://www.lichenicolous.net (accessed 24 May 2017) ((http://www.lichenicolous.net))'",High
otu52,Eukaryota__Ascomycota__Sordariomycetes__Hypocreales__Cordycipitaceae__Isaria__Isaria fumosorosea,Isaria,13,Pathotroph,Animal Pathogen,NULL,NULL,Probable,NULL,"b'Tedersoo L, et al. 2014. Science 346:e1256688 ((https://doi.org/10.1126/science.1256688))'",High
otu53,Eukaryota__Ascomycota__Saccharomycetes__Saccharomycetales__Ascoideaceae__Ascoidea__Ascoidea rubescens,Ascoideaceae,9,Saprotroph,Wood Saprotroph,Microfungus,NULL,Probable,"Found typically in beetle galleries in dead wood, apparently transmitted by insects (Cannon & Kirk 2007)","b'Cannon PF, Kirk PM. 2007. Fungal Families of the World. CAB International, Cambridge (ISBN: 978-0851998275)'",Medium
otu54,Eukaryota__Ascomycota__Leotiomycetes__Helotiales__Dermateaceae__Marssonina__Marssonina brunnea,Marssonina,13,Pathotroph,Plant Pathogen,Microfungus,NULL,Probable,NULL,"b'Tedersoo L, et al. 2014. Science 346:e1256688 ((https://doi.org/10.1126/science.1256688))'",Medium
otu55,Eukaryota__Ascomycota__Pneumocystidomycetes__Unclassified__Pneumocystidaceae__Pneumocystis__Pneumocystis carinii,Pneumocystis,13,Pathotroph,Animal Pathogen,NULL,NULL,Highly Probable,Opportunistic human pathogen,"b'Bowman BH, et al. 1992. Molecular Biology and Evolution 9:893-904 ((https://doi.org/10.1093/oxfordjournals.molbev.a040766))'",High
otu56,Eukaryota__Ascomycota__Eurotiomycetes__Onygenales__Unclassified__Paracoccidioides__Paracoccidioides brasiliensis,Paracoccidioides,13,Saprotroph,Undefined Saprotroph,NULL,NULL,Probable,NULL,"b'Tedersoo L, et al. 2014. Science 346:e1256688 ((https://doi.org/10.1126/science.1256688))'",Medium
otu57,Eukaryota__Ascomycota__Eurotiomycetes__Chaetothyriales__Herpotrichiellaceae__Capronia__Capronia epimyces,Capronia,13,Symbiotroph,Endophyte,Facultative Yeast,NULL,Highly Probable,"Dark Septate Endophyte, known from plant roots.","b'Tedersoo L, et al. 2014. Science 346:e1256688 ((https://doi.org/10.1126/science.1256688))'",Low
otu59,Eukaryota__Ascomycota__Sordariomycetes__Sordariales__Sordariaceae__Sordaria__Sordaria macrospora,Sordaria,13,Saprotroph,Dung Saprotroph-Wood Saprotroph,NULL,Soft Rot,Probable,NULL,"b'Duncan CG, Eslyn WE. 1966. Mycologia 58642-664; Seehann G, et al. 1975. List of Fungi in Soft-Rot Tissue Tests. Institute fur Holzbiologie und Holzschutz, Bundesforschungsanstalt fur Forst - und Holzwirtshaft, Hamburg - Lohbrugge, Germany; Costa IPMW, et al. 2012. Mycotaxon 119:e26 ((http://mycotaxon.com/resources/checklists/costa_v119_checklist.pdf)); Bills GF, et al. 2013. Current Opinion in Microbiology 16:549-565 ((https://doi.org/10.1016/j.mib.2013.08.001)); Tedersoo L, et al. 2014. Science 346:e1256688 ((https://doi.org/10.1126/science.1256688)); The American Phytopathological Society Common Names of Plant Diseases ((http://www.apsnet.org/publications/commonnames/Pages/default.aspx))'",Medium
otu60,Eukaryota__Basidiomycota__Agaricomycetes__Boletales__Serpulaceae__Serpula__Serpula lacrymans,Serpula,13,Saprotroph,Wood Saprotroph,Corticioid,Brown Rot,Probable,Serpula lacyrmans (dry rot) is an aggressive brown-rot fungus that causes very significant economic losses through degradation of wooden parts of buildings (Cannon & Kirk 2007),"b'Cannon PF, Kirk PM. 2007. Fungal Families of the World. CAB International, Cambridge (ISBN: 978-0851998275); Tedersoo L, et al. 2014. Science 346:e1256688 ((https://doi.org/10.1126/science.1256688))'",Medium
otu61,Eukaryota__Basidiomycota__Agaricomycetes__Polyporales__Polyporaceae__Trametes__Trametes versicolor,Trametes,13,Saprotroph,Wood Saprotroph,Polyporoid,White Rot,Highly Probable,NULL,"b'Gilbertson RL, Ryvarden L. 1987-1987. North American Polypores. Fungiflora, Oslo (ISBN: 978-0945345060)'",Medium
otu62,Eukaryota__Ascomycota__Eurotiomycetes__Eurotiales__Aspergillaceae__Penicillium__Penicillium rubens,Penicillium,13,Saprotroph,Dung Saprotroph-Undefined Saprotroph-Wood Saprotroph,Microfungus,Soft Rot,Highly Probable,NULL,"b'Duncan CG, Eslyn WE. 1966. Mycologia 58642-664; Seehann G, et al. 1975. List of Fungi in Soft-Rot Tissue Tests. Institute fur Holzbiologie und Holzschutz, Bundesforschungsanstalt fur Forst - und Holzwirtshaft, Hamburg - Lohbrugge, Germany; Costa IPMW, et al. 2012. Mycotaxon 119:e26 ((http://mycotaxon.com/resources/checklists/costa_v119_checklist.pdf)); Bills GF, et al. 2013. Current Opinion in Microbiology 16:549-565 ((https://doi.org/10.1016/j.mib.2013.08.001)); Tedersoo L, et al. 2014. Science 346:e1256688 ((https://doi.org/10.1126/science.1256688)); The American Phytopathological Society Common Names of Plant Diseases ((http://www.apsnet.org/publications/commonnames/Pages/default.aspx))'",High
otu63,Eukaryota__Ascomycota__Sordariomycetes__Ophiostomatales__Ophiostomataceae__Sporothrix__Sporothrix schenckii,Sporothrix,13,Pathotroph-Saprotroph-Symbiotroph,Animal Pathogen-Endophyte-Plant Saprotroph-Soil Saprotroph,NULL,NULL,Probable,"Endophyte detection method-culture (Dik et al. 1998); The fungal genus Sporothrix comprises a group of thermodimorphic pathogens that cause skin infections in humans and other mammals. Rose gardeners disease (Sporotrichosis) occurs worldwide, with hyperendemic areas in Brazil, China, and South Africa (Rodrigues et al. 2016); The fungus lives throughout the world in soil and on plant matter such as sphagnum moss, rose bushes, and hay (www.cdc.gov)","b'Dik AJ, et al. 1998. European Journal of Plant Pathology 104:413-423 ((https://doi.org/10.1023/A:1008025416672)); Rodrigues AM, et al. 2016. PLoS Pathogens 12:e1005638 ((https://doi.org/10.1371/journal.ppat.1005638)); https://www.cdc.gov ((https://www.cdc.gov))'",Medium
otu64,Eukaryota__Ascomycota__Leotiomycetes__Unclassified__Pseudeurotiaceae__Pseudogymnoascus__Pseudogymnoascus destructans,Pseudogymnoascus,13,Pathotroph-Saprotroph-Symbiotroph,Animal Pathogen-Soil Saprotroph,NULL,NULL,Possible,"It is important to note that the majority of species that comprise this genus, including the White-Nose Bat Syndrome causing Pseudogymnoascus destructans, were once placed in the genus Geomyces (see Minnis & Lindner 2013), and including Pseudogymnoascus panorum (as Geomyces panorum) that had been widely applied to a number of isolates from cold places, including those found in soil, on living roots, hypersaline lakes, keratinaceous substrates, and skin lesions of animals (perhaps as a weak pathogen); however, the true identity of Geomyces panorum (now Pseudogymnoascus panorum) is not known (pers. comm. Lindner DL)","b'Minnis AM, Lindner DL. 2013. Fungal Biology 117:638-649 ((https://doi.org/10.1016/j.funbio.2013.07.001)); Tedersoo L, et al. 2014. Science 346:e1256688 ((https://doi.org/10.1126/science.1256688))'",Medium
otu65,Eukaryota__Ascomycota__Leotiomycetes__Unclassified__Pseudeurotiaceae__Pseudogymnoascus__Pseudogymnoascus verrucosus,Pseudogymnoascus,13,Pathotroph-Saprotroph-Symbiotroph,Animal Pathogen-Soil Saprotroph,NULL,NULL,Possible,"It is important to note that the majority of species that comprise this genus, including the White-Nose Bat Syndrome causing Pseudogymnoascus destructans, were once placed in the genus Geomyces (see Minnis & Lindner 2013), and including Pseudogymnoascus panorum (as Geomyces panorum) that had been widely applied to a number of isolates from cold places, including those found in soil, on living roots, hypersaline lakes, keratinaceous substrates, and skin lesions of animals (perhaps as a weak pathogen); however, the true identity of Geomyces panorum (now Pseudogymnoascus panorum) is not known (pers. comm. Lindner DL)","b'Minnis AM, Lindner DL. 2013. Fungal Biology 117:638-649 ((https://doi.org/10.1016/j.funbio.2013.07.001)); Tedersoo L, et al. 2014. Science 346:e1256688 ((https://doi.org/10.1126/science.1256688))'",Medium
otu66,Eukaryota__Ascomycota__Sordariomycetes__Hypocreales__Clavicipitaceae__Metarhizium majus__Metarhizium majus,Metarhizium,13,Pathotroph,Animal Pathogen,NULL,NULL,Probable,NULL,"b'Tedersoo L, et al. 2014. Science 346:e1256688 ((https://doi.org/10.1126/science.1256688))'",High
otu67,Eukaryota__Ascomycota__Eurotiomycetes__Chaetothyriales__Herpotrichiellaceae__Exophiala__Exophiala aquamarina,Herpotrichiellaceae,9,Pathotroph-Saprotroph,Animal Pathogen-Fungal Parasite-Undefined Saprotroph,Facultative Yeast-Microfungus,NULL,Probable,"Mostly saprobic on plants or other fungi, isolated from soil etc., and from medical sources (Cannon & Kirk 2007)","b'Cannon PF, Kirk PM. 2007. Fungal Families of the World. CAB International, Cambridge (ISBN: 978-0851998275)'",High
otu68,Eukaryota__Ascomycota__Sordariomycetes__Glomerellales__Glomerellaceae__Colletotrichum__Colletotrichum graminicola,Colletotrichum,13,Pathotroph-Symbiotroph,Endophyte-Plant Pathogen,Microfungus,NULL,Probable,NULL,"b'Costa IPMW, et al. 2012. Mycotaxon 119:e26 ((http://mycotaxon.com/resources/checklists/costa_v119_checklist.pdf)); Tedersoo L, et al. 2014. Science 346:e1256688 ((https://doi.org/10.1126/science.1256688)); The American Phytopathological Society Common Names of Plant Diseases ((http://www.apsnet.org/publications/commonnames/Pages/default.aspx))'",High
otu69,Eukaryota__Ascomycota__Sordariomycetes__Glomerellales__Glomerellaceae__Colletotrichum__Colletotrichum higginsianum,Colletotrichum,13,Pathotroph-Symbiotroph,Endophyte-Plant Pathogen,Microfungus,NULL,Probable,NULL,"b'Costa IPMW, et al. 2012. Mycotaxon 119:e26 ((http://mycotaxon.com/resources/checklists/costa_v119_checklist.pdf)); Tedersoo L, et al. 2014. Science 346:e1256688 ((https://doi.org/10.1126/science.1256688)); The American Phytopathological Society Common Names of Plant Diseases ((http://www.apsnet.org/publications/commonnames/Pages/default.aspx))'",High
otu7,Eukaryota__Ascomycota__Sordariomycetes__Glomerellales__Glomerellaceae__Colletotrichum__Colletotrichum gloeosporioides,Colletotrichum,13,Pathotroph-Symbiotroph,Endophyte-Plant Pathogen,Microfungus,NULL,Probable,NULL,"b'Costa IPMW, et al. 2012. Mycotaxon 119:e26 ((http://mycotaxon.com/resources/checklists/costa_v119_checklist.pdf)); Tedersoo L, et al. 2014. Science 346:e1256688 ((https://doi.org/10.1126/science.1256688)); The American Phytopathological Society Common Names of Plant Diseases ((http://www.apsnet.org/publications/commonnames/Pages/default.aspx))'",High
otu70,Eukaryota__Ascomycota__Dothideomycetes__Pleosporales__Pleosporaceae__Setosphaeria__Setosphaeria turcica,Setosphaeria,13,Pathotroph-Symbiotroph,Endophyte-Plant Pathogen,Microfungus,NULL,Higly Probable,NULL,"b'Costa IPMW, et al. 2012. Mycotaxon 119:e26 ((http://mycotaxon.com/resources/checklists/costa_v119_checklist.pdf)); Tedersoo L, et al. 2014. Science 346:e1256688 ((https://doi.org/10.1126/science.1256688)); Kusai NA, et al. 2016. Mycologia 108:905-914 ((https://doi.org/10.3852/15-175)); The American Phytopathological Society Common Names of Plant Diseases ((http://www.apsnet.org/publications/commonnames/Pages/default.aspx))'",Medium
otu71,Eukaryota__Basidiomycota__Agaricomycetes__Corticiales__Punctulariaceae__Punctularia__Punctularia strigosozonata,Punctularia,13,Saprotroph,Undefined Saprotroph,Corticioid,White Rot,Probable,NULL,"b'Tedersoo L, et al. 2014. Science 346:e1256688 ((https://doi.org/10.1126/science.1256688))'",Medium
otu72,Eukaryota__Ascomycota__Sordariomycetes__Microascales__Microascaceae__Scedosporium__Scedosporium apiospermum,Scedosporium,13,Saprotroph,Undefined Saprotroph,NULL,NULL,Probable,NULL,"b'Tedersoo L, et al. 2014. Science 346:e1256688 ((https://doi.org/10.1126/science.1256688))'",Medium
otu73,Eukaryota__Ascomycota__Sordariomycetes__Hypocreales__Hypocreaceae__Trichoderma__Trichoderma gamsii,Trichoderma,13,Pathotroph-Saprotroph-Symbiotroph,Animal Pathogen-Endophyte-Epiphyte-Fungal Parasite-Plant Pathogen-Wood Saprotroph,Microfungus,Soft Rot,Probable,Cause of soft-rot (Seehann et al. 1975); Likely opportunistic human pathogen (Irinyi et al. 2015); Endophyte detection method-culture (Busby et al. 2016),"b'Seehann G, et al. 1975. List of Fungi in Soft-Rot Tissue Tests. Institute fur Holzbiologie und Holzschutz, Bundesforschungsanstalt fur Forst - und Holzwirtshaft, Hamburg - Lohbrugge, Germany; Andrews JH, et al. 1983. Phytopathology 73228-234; Hanada RE, et al. 2010. Fungal Biology 114:901-910 ((https://doi.org/10.1016/j.funbio.2010.08.006)); Costa IPMW, et al. 2012. Mycotaxon 119:e26 ((http://mycotaxon.com/resources/checklists/costa_v119_checklist.pdf)); Tedersoo L, et al. 2014. Science 346:e1256688 ((https://doi.org/10.1126/science.1256688)); Irinyi L, et al. 2015. Medical Mycology 53:313-337 ((https://doi.org/10.1093/mmy/myv008)); Busby PE, et al. 2016. New Phytologist 209:1681-1692 ((https://doi.org/10.1111/nph.13742)); The American Phytopathological Society Common Names of Plant Diseases ((http://www.apsnet.org/publications/commonnames/Pages/default.aspx))'",High
otu74,Eukaryota__Basidiomycota__Tremellomycetes__Tremellales__Cuniculitremaceae__Kockovaella__Kockovaella imperatae,Kockovaella,13,Symbiotroph,Epiphyte,Yeast,NULL,Probable,"Foliar, isolated from a plant sample collected in a tropical rain forest in Thailand.","b'Fungsin B, et al. 2002. International Journal of Systematic and Evolutionary Microbiology 52:281-284 ((https://doi.org/10.1099/00207713-52-1-281))'",Medium
otu75,Eukaryota__Ascomycota__Sordariomycetes__Hypocreales__Hypocreaceae__Trichoderma__Trichoderma atroviride,Trichoderma,13,Pathotroph-Saprotroph-Symbiotroph,Animal Pathogen-Endophyte-Epiphyte-Fungal Parasite-Plant Pathogen-Wood Saprotroph,Microfungus,Soft Rot,Probable,Cause of soft-rot (Seehann et al. 1975); Likely opportunistic human pathogen (Irinyi et al. 2015); Endophyte detection method-culture (Busby et al. 2016),"b'Seehann G, et al. 1975. List of Fungi in Soft-Rot Tissue Tests. Institute fur Holzbiologie und Holzschutz, Bundesforschungsanstalt fur Forst - und Holzwirtshaft, Hamburg - Lohbrugge, Germany; Andrews JH, et al. 1983. Phytopathology 73228-234; Hanada RE, et al. 2010. Fungal Biology 114:901-910 ((https://doi.org/10.1016/j.funbio.2010.08.006)); Costa IPMW, et al. 2012. Mycotaxon 119:e26 ((http://mycotaxon.com/resources/checklists/costa_v119_checklist.pdf)); Tedersoo L, et al. 2014. Science 346:e1256688 ((https://doi.org/10.1126/science.1256688)); Irinyi L, et al. 2015. Medical Mycology 53:313-337 ((https://doi.org/10.1093/mmy/myv008)); Busby PE, et al. 2016. New Phytologist 209:1681-1692 ((https://doi.org/10.1111/nph.13742)); The American Phytopathological Society Common Names of Plant Diseases ((http://www.apsnet.org/publications/commonnames/Pages/default.aspx))'",High
otu77,Eukaryota__Basidiomycota__Agaricomycetes__Russulales__Stereaceae__Stereum__Stereum hirsutum,Stereum,13,Saprotroph,Undefined Saprotroph,NULL,White Rot,Probable,NULL,"b'Tedersoo L, et al. 2014. Science 346:e1256688 ((https://doi.org/10.1126/science.1256688))'",Medium
otu79,Eukaryota__Basidiomycota__Agaricomycetes__Polyporales__Phanerochaetaceae__Phanerochaete__Phanerochaete carnosa,Phanerochaete,13,Saprotroph,Wood Saprotroph,Corticioid,White Rot,Highly Probable,NULL,"b'Glenn JK, et al. 1983. Biochemical and Biophysical Research Communications 114:1077-1083 ((https://doi.org/10.1016/0006-291x((83))90672-1))'",Medium
otu8,Eukaryota__Ascomycota__Saccharomycetes__Saccharomycetales__Pichiaceae__Pichia__Pichia kudriavzevii,Pichia,13,Pathotroph-Saprotroph-Symbiotroph,Animal Endosymbiont-Animal Pathogen-Plant Pathogen-Undefined Saprotroph,Yeast,NULL,Probable,Found in wood and digestive systems of the beetle Odontotaenius disjunctus; Likely opportunistic human pathogen (Irinyi et al. 2015),"b'Kurtzman CP, et al. (eds.) 2011. The Yeasts, a Taxonomic Study. Fifth Edition. Vols 1-3. Elsevier, San Diego (ISBN: 9780444521491); Irinyi L, et al. 2015. Medical Mycology 53:313-337 ((https://doi.org/10.1093/mmy/myv008)); The American Phytopathological Society Common Names of Plant Diseases ((https://www.apsnet.org/edcenter/resources/commonnames/Pages/default.aspx)); https://www.cdc.gov ((https://www.cdc.gov))'",High
otu80,Eukaryota__Ascomycota__Dothideomycetes__Botryosphaeriales__Botryosphaeriaceae__Diplodia__Diplodia corticola,Diplodia,13,Pathotroph-Saprotroph-Symbiotroph,Epiphyte-Plant Pathogen-Wood Saprotroph,Microfungus,NULL,Possible,Cause of soft-rot; Epiphyte detection method-culture (Carisse et al. 2000),"b'Duncan CG, Eslyn WE. 1966. Mycologia 58:642-645 ((https://doi.org/10.2307/3757045)); Carisse O, et al. 2000.Phytopathology 90:31-37 ((https://doi.org/10.1094/PHYTO.2000.90.1.31))'",Medium
otu81,Eukaryota__Ascomycota__Sordariomycetes__Glomerellales__Glomerellaceae__Colletotrichum__Colletotrichum orchidophilum,Colletotrichum,13,Pathotroph-Symbiotroph,Endophyte-Plant Pathogen,Microfungus,NULL,Probable,NULL,"b'Costa IPMW, et al. 2012. Mycotaxon 119:e26 ((http://mycotaxon.com/resources/checklists/costa_v119_checklist.pdf)); Tedersoo L, et al. 2014. Science 346:e1256688 ((https://doi.org/10.1126/science.1256688)); The American Phytopathological Society Common Names of Plant Diseases ((http://www.apsnet.org/publications/commonnames/Pages/default.aspx))'",High
otu82,Eukaryota__Ascomycota__Leotiomycetes__Helotiales__Sclerotiniaceae__Sclerotinia__Sclerotinia sclerotiorum,Sclerotinia,13,Pathotroph,Plant Pathogen,Microfungus,NULL,Probable,NULL,"b'Tedersoo L, et al. 2014. Science 346:e1256688 ((https://doi.org/10.1126/science.1256688))'",High
otu85,Eukaryota__Basidiomycota__Agaricomycetes__Russulales__Bondarzewiaceae__Heterobasidion__Heterobasidion irregulare,Heterobasidion,13,Saprotroph,Wood Saprotroph,Polyporoid,White Rot,Highly Probable,NULL,"b'Gilbertson RL, Ryvarden L. 1987-1987. North American Polypores. Fungiflora, Oslo (ISBN: 978-0945345060)'",Medium
otu86,Eukaryota__Basidiomycota__Agaricomycetes__Agaricales__Tricholomataceae__Laccaria__Laccaria bicolor,Laccaria,13,Symbiotroph,Ectomycorrhizal,Agaricoid,NULL,Highly Probable,NULL,"b'Rinaldi AC, et al. 2008. Fungal Diversity 33:1-45 ((http://www.fungaldiversity.org/fdp/sfdp/33-1.pdf)); Tedersoo L, et al. 2010. Mycorrhiza 20:217-263 ((https://doi.org/10.1007/s00572-009-0274-x)); http://mycorrhizas.info/ecmf.html ((http://mycorrhizas.info/ecmf.html))'",Low
otu87,Eukaryota__Ascomycota__Eurotiomycetes__Chaetothyriales__Herpotrichiellaceae__Cladophialophora__Cladophialophora yegresii,Cladophialophora,13,Saprotroph,Undefined Saprotroph,Microfungus,NULL,Probable,NULL,"b'James TY, et al. 2006. Nature 443:818-822 ((https://doi.org/10.1038/nature05110))'",Medium
otu88,Eukaryota__Ascomycota__Eurotiomycetes__Chaetothyriales__Herpotrichiellaceae__Fonsecaea__Fonsecaea nubica,Fonsecaea,13,Pathotroph-Saprotroph,Animal Pathogen-Soil Saprotroph,Dimorphic Yeast,NULL,Probable,"Fonsecaea pedrosoi is soil-borne and the major etiological agent of chromoblastomycosis, a chronic disease that can affect immunocompetent hosts (Cunha et al. 2010)","b'Cunha MML, et al. 2010 ((https://doi.org/10.1186/1471-2180-10-80)); Tedersoo L, et al. 2014. Science 346:e1256688 ((https://doi.org/10.1126/science.1256688)); https://www.cdc.gov ((https://www.cdc.gov))'",High
otu89,Eukaryota__Ascomycota__Eurotiomycetes__Chaetothyriales__Herpotrichiellaceae__Fonsecaea__Fonsecaea monophora,Fonsecaea,13,Pathotroph-Saprotroph,Animal Pathogen-Soil Saprotroph,Dimorphic Yeast,NULL,Probable,"Fonsecaea pedrosoi is soil-borne and the major etiological agent of chromoblastomycosis, a chronic disease that can affect immunocompetent hosts (Cunha et al. 2010)","b'Cunha MML, et al. 2010 ((https://doi.org/10.1186/1471-2180-10-80)); Tedersoo L, et al. 2014. Science 346:e1256688 ((https://doi.org/10.1126/science.1256688)); https://www.cdc.gov ((https://www.cdc.gov))'",High
otu90,Eukaryota__Basidiomycota__Wallemiomycetes__Wallemiales__Unclassified__Wallemia__Wallemia ichthyophaga,Wallemia,13,Saprotroph,Undefined Saprotroph,NULL,NULL,Probable,NULL,"b'Tedersoo L, et al. 2014. Science 346:e1256688 ((https://doi.org/10.1126/science.1256688))'",Medium
otu91,Eukaryota__Mucoromycota__Unclassified__Mortierellales__Mortierellaceae__Lobosporangium__Lobosporangium transversale,Lobosporangium,13,Saprotroph,Undefined Saprotroph,NULL,NULL,Probable,NULL,"b'Tedersoo L, et al. 2014. Science 346:e1256688 ((https://doi.org/10.1126/science.1256688))'",Medium
otu92,Eukaryota__Ascomycota__Sordariomycetes__Hypocreales__Nectriaceae__Fusarium_Fusarium verticillioides,Fusarium,13,Pathotroph-Saprotroph-Symbiotroph,Animal Pathogen-Endophyte-Lichen Parasite-Plant Pathogen-Soil Saprotroph-Wood Saprotroph,Microfungus,NULL,Possible,Likely opportunistic human pathogen (Irinyi et al. 2015),"b'Duncan CG, Eslyn WE. 1966. Mycologia 58:642-664 ((https://doi.org/10.2307/3757045)); Seehann G, et al. 1975. List of Fungi in Soft-Rot Tissue Tests. Institute fur Holzbiologie und Holzschutz, Bundesforschungsanstalt fur Forst - und Holzwirtshaft, Hamburg - Lohbrugge, Germany; Costa IPMW, et al. 2012. Mycotaxon 119:e26 ((http://mycotaxon.com/resources/checklists/costa_v119_checklist.pdf)); Tedersoo L, et al. 2014. Science 346:e1256688 ((https://doi.org/10.1126/science.1256688)); Irinyi L, et al. 2015. Medical Mycology 53:313-337 ((https://doi.org/10.1093/mmy/myv008)); Schroers, et al. 2016. Mycologia 108:806-819 ((https://doi.org/10.3852/15-255)); The American Phytopathological Society Common Names of Plant Diseases ((http://www.apsnet.org/publications/commonnames/Pages/default.aspx)); Lawrey JD, Diederich P. 2016. http://www.lichenicolous.net (accessed 24 May 2017) ((http://www.lichenicolous.net))'",High
otu93,Eukaryota__Ascomycota__Sordariomycetes__Magnaporthales__Magnaporthaceae__Gaeumannomyces__Gaeumannomyces tritici,Gaeumannomyces,13,Pathotroph,Plant Pathogen,Microfungus,NULL,Probable,NULL,"b'Tedersoo L, et al. 2014. Science 346:e1256688 ((https://doi.org/10.1126/science.1256688))'",Medium
otu95,Eukaryota__Ascomycota__Pneumocystidomycetes__Unclassified__Pneumocystidaceae__Pneumocystis__Pneumocystis murina,Pneumocystis,13,Pathotroph,Animal Pathogen,NULL,NULL,Highly Probable,Opportunistic human pathogen,"b'Bowman BH, et al. 1992. Molecular Biology and Evolution 9:893-904 ((https://doi.org/10.1093/oxfordjournals.molbev.a040766))'",High
otu96,Eukaryota__Ascomycota__Eurotiomycetes__Chaetothyriales__Herpotrichiellaceae__Exophiala__Exophiala dermatitidis,Herpotrichiellaceae,9,Pathotroph-Saprotroph,Animal Pathogen-Fungal Parasite-Undefined Saprotroph,Facultative Yeast-Microfungus,NULL,Probable,"Mostly saprobic on plants or other fungi, isolated from soil etc., and from medical sources (Cannon & Kirk 2007)","b'Cannon PF, Kirk PM. 2007. Fungal Families of the World. CAB International, Cambridge (ISBN: 978-0851998275)'",High
otu97,Eukaryota__Ascomycota__Dothideomycetes__Dothideales__Saccotheciaceae__Aureobasidium__Aureobasidium namibiae,Aureobasidium,13,Pathotroph-Saprotroph-Symbiotroph,Animal Pathogen-Endophyte-Epiphyte-Plant Pathogen-Undefined Saprotroph,Facultative Yeast,NULL,Possible,NULL,"b'Costa IPMW, et al. 2012. Mycotaxon 119:e26 ((http://mycotaxon.com/resources/checklists/costa_v119_checklist.pdf)); Tedersoo L, et al. 2014. Science 346:e1256688 ((https://doi.org/10.1126/science.1256688)); Wachowska U, G\xc5\x82owacka K. 2014. BioControl 59:635-645 ((https://doi.org/10.1007/s10526-014-9596-5)); Irinyia L, et al. 2016. Fungal Biology 120:125-136 ((https://doi.org/10.1016/j.funbio.2015.04.007)); The American Phytopathological Society Common Names of Plant Diseases ((http://www.apsnet.org/publications/commonnames/Pages/default.aspx))'",Medium
otu98,Eukaryota__Ascomycota__Dothideomycetes__Botryosphaeriales__Botryosphaeriaceae__Neofusicoccum__Neofusicoccum parvum,Neofusicoccum,13,Pathotroph,Plant Pathogen,NULL,NULL,Probable,NULL,"b'Tedersoo L, et al. 2014. Science 346:e1256688 ((https://doi.org/10.1126/science.1256688))'",High
