Guild,method,SampleID,relab,Guilds
Animal Pathogen-Fungal Parasite-Undefined Saprotroph,QIIME2,P5S1T3,1.5355086372360844,Animal P-Fungal Parasite-Undef. Sap.
Animal Pathogen-Fungal Parasite-Undefined Saprotroph,QIIME2,P2S1T2,1.023890784982935,Animal P-Fungal Parasite-Undef. Sap.
Animal Pathogen-Fungal Parasite-Undefined Saprotroph,QIIME2,P1S2T3,2.3255813953488373,Animal P-Fungal Parasite-Undef. Sap.
Animal Pathogen-Fungal Parasite-Undefined Saprotroph,QIIME2,P3S2T2,1.8975332068311195,Animal P-Fungal Parasite-Undef. Sap.
Animal Pathogen-Fungal Parasite-Undefined Saprotroph,QIIME2,P5S2T1,1.643835616438356,Animal P-Fungal Parasite-Undef. Sap.
Animal Pathogen-Fungal Parasite-Undefined Saprotroph,QIIME2,P4S1T1,1.1146496815286624,Animal P-Fungal Parasite-Undef. Sap.
Animal Pathogen-Fungal Parasite-Undefined Saprotroph,QIIME2,P2S2T1,1.2012012012012012,Animal P-Fungal Parasite-Undef. Sap.
Animal Pathogen-Fungal Parasite-Undefined Saprotroph,QIIME2,P4S1T2,4.3893129770992365,Animal P-Fungal Parasite-Undef. Sap.
Animal Pathogen-Fungal Parasite-Undefined Saprotroph,QIIME2,P1S1T3,1.3550135501355014,Animal P-Fungal Parasite-Undef. Sap.
Animal Pathogen-Fungal Parasite-Undefined Saprotroph,QIIME2,P4S2T3,3.056768558951965,Animal P-Fungal Parasite-Undef. Sap.
Animal Pathogen-Fungal Parasite-Undefined Saprotroph,QIIME2,P4S2T2,2.7472527472527473,Animal P-Fungal Parasite-Undef. Sap.
Animal Pathogen-Fungal Parasite-Undefined Saprotroph,QIIME2,P1S2T1,1.0922330097087378,Animal P-Fungal Parasite-Undef. Sap.
Animal Pathogen-Fungal Parasite-Undefined Saprotroph,QIIME2,P2S2T3,1.0526315789473684,Animal P-Fungal Parasite-Undef. Sap.
Animal Pathogen-Fungal Parasite-Undefined Saprotroph,QIIME2,P5S1T1,1.0729613733905579,Animal P-Fungal Parasite-Undef. Sap.
Animal Pathogen-Fungal Parasite-Undefined Saprotroph,QIIME2,P1S2T2,1.0526315789473684,Animal P-Fungal Parasite-Undef. Sap.
Animal Pathogen-Fungal Parasite-Undefined Saprotroph,QIIME2,P3S1T2,1.729106628242075,Animal P-Fungal Parasite-Undef. Sap.
Animal Pathogen-Fungal Parasite-Undefined Saprotroph,QIIME2,P3S2T1,2.2151898734177213,Animal P-Fungal Parasite-Undef. Sap.
Animal Pathogen-Fungal Parasite-Undefined Saprotroph,QIIME2,P2S1T1,1.486988847583643,Animal P-Fungal Parasite-Undef. Sap.
Animal Pathogen-Fungal Parasite-Undefined Saprotroph,QIIME2,P3S2T3,2.692778457772338,Animal P-Fungal Parasite-Undef. Sap.
Animal Pathogen-Fungal Parasite-Undefined Saprotroph,QIIME2,P4S2T1,2.31990231990232,Animal P-Fungal Parasite-Undef. Sap.
Animal Pathogen-Fungal Parasite-Undefined Saprotroph,QIIME2,P6S1T3,2.547770700636943,Animal P-Fungal Parasite-Undef. Sap.
Animal Pathogen-Fungal Parasite-Undefined Saprotroph,QIIME2,P6S2T1,1.2738853503184715,Animal P-Fungal Parasite-Undef. Sap.
Dung Saprotroph-Undefined Saprotroph-Wood Saprotroph,QIIME2,P5S1T3,9.213051823416507,Undefined Saprotroph
Dung Saprotroph-Undefined Saprotroph-Wood Saprotroph,QIIME2,P2S1T2,21.843003412969285,Undefined Saprotroph
Dung Saprotroph-Undefined Saprotroph-Wood Saprotroph,QIIME2,P3S1T3,23.4375,Undefined Saprotroph
Dung Saprotroph-Undefined Saprotroph-Wood Saprotroph,QIIME2,P6S2T3,1.8575851393188854,Undefined Saprotroph
Dung Saprotroph-Undefined Saprotroph-Wood Saprotroph,QIIME2,P1S2T3,4.941860465116279,Undefined Saprotroph
Dung Saprotroph-Undefined Saprotroph-Wood Saprotroph,QIIME2,P3S2T2,5.502846299810247,Undefined Saprotroph
Dung Saprotroph-Undefined Saprotroph-Wood Saprotroph,QIIME2,P5S2T1,2.191780821917808,Undefined Saprotroph
Dung Saprotroph-Undefined Saprotroph-Wood Saprotroph,QIIME2,P5S2T2,4.978038067349927,Undefined Saprotroph
Dung Saprotroph-Undefined Saprotroph-Wood Saprotroph,QIIME2,P1S1T1,5.492957746478874,Undefined Saprotroph
Dung Saprotroph-Undefined Saprotroph-Wood Saprotroph,QIIME2,P4S1T1,2.0700636942675157,Undefined Saprotroph
Dung Saprotroph-Undefined Saprotroph-Wood Saprotroph,QIIME2,P1S1T2,3.7337662337662336,Undefined Saprotroph
Dung Saprotroph-Undefined Saprotroph-Wood Saprotroph,QIIME2,P2S2T1,7.207207207207207,Undefined Saprotroph
Dung Saprotroph-Undefined Saprotroph-Wood Saprotroph,QIIME2,P4S1T2,6.106870229007633,Undefined Saprotroph
Dung Saprotroph-Undefined Saprotroph-Wood Saprotroph,QIIME2,P1S1T3,5.871725383920506,Undefined Saprotroph
Dung Saprotroph-Undefined Saprotroph-Wood Saprotroph,QIIME2,P4S2T3,4.585152838427948,Undefined Saprotroph
Dung Saprotroph-Undefined Saprotroph-Wood Saprotroph,QIIME2,P2S2T2,7.59493670886076,Undefined Saprotroph
Dung Saprotroph-Undefined Saprotroph-Wood Saprotroph,QIIME2,P4S2T2,10.714285714285714,Undefined Saprotroph
Dung Saprotroph-Undefined Saprotroph-Wood Saprotroph,QIIME2,P1S2T1,1.9417475728155338,Undefined Saprotroph
Dung Saprotroph-Undefined Saprotroph-Wood Saprotroph,QIIME2,P2S2T3,6.842105263157896,Undefined Saprotroph
Dung Saprotroph-Undefined Saprotroph-Wood Saprotroph,QIIME2,P5S1T1,3.2188841201716736,Undefined Saprotroph
Dung Saprotroph-Undefined Saprotroph-Wood Saprotroph,QIIME2,P1S2T2,8.157894736842106,Undefined Saprotroph
Dung Saprotroph-Undefined Saprotroph-Wood Saprotroph,QIIME2,P3S1T1,3.5502958579881656,Undefined Saprotroph
Dung Saprotroph-Undefined Saprotroph-Wood Saprotroph,QIIME2,P5S1T2,3.0088495575221237,Undefined Saprotroph
Dung Saprotroph-Undefined Saprotroph-Wood Saprotroph,QIIME2,P6S2T2,1.1494252873563218,Undefined Saprotroph
Dung Saprotroph-Undefined Saprotroph-Wood Saprotroph,QIIME2,P3S1T2,11.239193083573488,Undefined Saprotroph
Dung Saprotroph-Undefined Saprotroph-Wood Saprotroph,QIIME2,P3S2T1,9.177215189873419,Undefined Saprotroph
Dung Saprotroph-Undefined Saprotroph-Wood Saprotroph,QIIME2,P2S1T1,7.063197026022305,Undefined Saprotroph
Dung Saprotroph-Undefined Saprotroph-Wood Saprotroph,QIIME2,P3S2T3,6.364749082007344,Undefined Saprotroph
Dung Saprotroph-Undefined Saprotroph-Wood Saprotroph,QIIME2,P4S1T3,2.0876826722338206,Undefined Saprotroph
Dung Saprotroph-Undefined Saprotroph-Wood Saprotroph,QIIME2,P2S1T3,9.865470852017937,Undefined Saprotroph
Dung Saprotroph-Undefined Saprotroph-Wood Saprotroph,QIIME2,P5S2T3,3.5046728971962615,Undefined Saprotroph
Dung Saprotroph-Undefined Saprotroph-Wood Saprotroph,QIIME2,P4S2T1,3.785103785103785,Undefined Saprotroph
Dung Saprotroph-Undefined Saprotroph-Wood Saprotroph,QIIME2,P6S1T3,2.547770700636943,Undefined Saprotroph
Dung Saprotroph-Undefined Saprotroph-Wood Saprotroph,QIIME2,P6S2T1,6.369426751592357,Undefined Saprotroph
Ectomycorrhizal,QIIME2,P5S1T3,55.08637236084453,Ectomycorrhizal
Ectomycorrhizal,QIIME2,P2S1T2,35.49488054607509,Ectomycorrhizal
Ectomycorrhizal,QIIME2,P3S1T3,49.330357142857146,Ectomycorrhizal
Ectomycorrhizal,QIIME2,P6S2T3,62.693498452012385,Ectomycorrhizal
Ectomycorrhizal,QIIME2,P1S2T3,66.27906976744185,Ectomycorrhizal
Ectomycorrhizal,QIIME2,P3S2T2,57.685009487666036,Ectomycorrhizal
Ectomycorrhizal,QIIME2,P5S2T1,69.31506849315069,Ectomycorrhizal
Ectomycorrhizal,QIIME2,P5S2T2,62.225475841874086,Ectomycorrhizal
Ectomycorrhizal,QIIME2,P1S1T1,71.69014084507043,Ectomycorrhizal
Ectomycorrhizal,QIIME2,P4S1T1,69.42675159235668,Ectomycorrhizal
Ectomycorrhizal,QIIME2,P1S1T2,63.149350649350644,Ectomycorrhizal
Ectomycorrhizal,QIIME2,P2S2T1,45.34534534534534,Ectomycorrhizal
Ectomycorrhizal,QIIME2,P4S1T2,51.335877862595424,Ectomycorrhizal
Ectomycorrhizal,QIIME2,P6S1T2,69.66824644549763,Ectomycorrhizal
Ectomycorrhizal,QIIME2,P1S1T3,49.32249322493225,Ectomycorrhizal
Ectomycorrhizal,QIIME2,P4S2T3,48.03493449781659,Ectomycorrhizal
Ectomycorrhizal,QIIME2,P2S2T2,62.53164556962025,Ectomycorrhizal
Ectomycorrhizal,QIIME2,P4S2T2,58.51648351648352,Ectomycorrhizal
Ectomycorrhizal,QIIME2,P1S2T1,65.4126213592233,Ectomycorrhizal
Ectomycorrhizal,QIIME2,P2S2T3,66.57894736842105,Ectomycorrhizal
Ectomycorrhizal,QIIME2,P5S1T1,63.519313304721024,Ectomycorrhizal
Ectomycorrhizal,QIIME2,P1S2T2,49.73684210526316,Ectomycorrhizal
Ectomycorrhizal,QIIME2,P3S1T1,78.69822485207101,Ectomycorrhizal
Ectomycorrhizal,QIIME2,P5S1T2,68.67256637168143,Ectomycorrhizal
Ectomycorrhizal,QIIME2,P6S2T2,60.91954022988506,Ectomycorrhizal
Ectomycorrhizal,QIIME2,P3S1T2,55.907780979827095,Ectomycorrhizal
Ectomycorrhizal,QIIME2,P3S2T1,52.53164556962025,Ectomycorrhizal
Ectomycorrhizal,QIIME2,P2S1T1,49.814126394052046,Ectomycorrhizal
Ectomycorrhizal,QIIME2,P3S2T3,61.811505507955935,Ectomycorrhizal
Ectomycorrhizal,QIIME2,P4S1T3,55.323590814196244,Ectomycorrhizal
Ectomycorrhizal,QIIME2,P2S1T3,65.02242152466367,Ectomycorrhizal
Ectomycorrhizal,QIIME2,P5S2T3,64.01869158878505,Ectomycorrhizal
Ectomycorrhizal,QIIME2,P4S2T1,78.14407814407815,Ectomycorrhizal
Ectomycorrhizal,QIIME2,P6S1T3,56.68789808917197,Ectomycorrhizal
Ectomycorrhizal,QIIME2,P6S1T1,71.42857142857143,Ectomycorrhizal
Ectomycorrhizal,QIIME2,P6S2T1,57.00636942675159,Ectomycorrhizal
Ectomycorrhizal-Fungal Parasite,QIIME2,P3S1T3,2.9017857142857144,Ectomycorrhizal-Fung.Parasit
Ectomycorrhizal-Fungal Parasite,QIIME2,P3S2T2,6.451612903225806,Ectomycorrhizal-Fung.Parasit
Ectomycorrhizal-Fungal Parasite,QIIME2,P5S2T2,3.22108345534407,Ectomycorrhizal-Fung.Parasit
Ectomycorrhizal-Fungal Parasite,QIIME2,P2S2T1,1.2012012012012012,Ectomycorrhizal-Fung.Parasit
Ectomycorrhizal-Fungal Parasite,QIIME2,P4S1T2,1.3358778625954197,Ectomycorrhizal-Fung.Parasit
Ectomycorrhizal-Fungal Parasite,QIIME2,P1S1T3,11.833785004516711,Ectomycorrhizal-Fung.Parasit
Ectomycorrhizal-Fungal Parasite,QIIME2,P4S2T2,1.3736263736263736,Ectomycorrhizal-Fung.Parasit
Ectomycorrhizal-Fungal Parasite,QIIME2,P5S1T1,4.506437768240343,Ectomycorrhizal-Fung.Parasit
Ectomycorrhizal-Fungal Parasite,QIIME2,P1S2T2,2.368421052631579,Ectomycorrhizal-Fung.Parasit
Ectomycorrhizal-Fungal Parasite,QIIME2,P2S1T3,1.345291479820628,Ectomycorrhizal-Fung.Parasit
Ectomycorrhizal-Fungal Parasite,QIIME2,P6S1T3,1.910828025477707,Ectomycorrhizal-Fung.Parasit
Ectomycorrhizal-Undefined Saprotroph,QIIME2,P5S1T3,6.71785028790787,Ectomycorrhizal-Undef. Sap.
Ectomycorrhizal-Undefined Saprotroph,QIIME2,P2S1T2,7.508532423208192,Ectomycorrhizal-Undef. Sap.
Ectomycorrhizal-Undefined Saprotroph,QIIME2,P3S1T3,8.482142857142858,Ectomycorrhizal-Undef. Sap.
Ectomycorrhizal-Undefined Saprotroph,QIIME2,P6S2T3,9.597523219814242,Ectomycorrhizal-Undef. Sap.
Ectomycorrhizal-Undefined Saprotroph,QIIME2,P1S2T3,9.011627906976743,Ectomycorrhizal-Undef. Sap.
Ectomycorrhizal-Undefined Saprotroph,QIIME2,P3S2T2,7.2106261859582546,Ectomycorrhizal-Undef. Sap.
Ectomycorrhizal-Undefined Saprotroph,QIIME2,P5S2T1,9.315068493150685,Ectomycorrhizal-Undef. Sap.
Ectomycorrhizal-Undefined Saprotroph,QIIME2,P5S2T2,6.881405563689605,Ectomycorrhizal-Undef. Sap.
Ectomycorrhizal-Undefined Saprotroph,QIIME2,P1S1T1,5.915492957746479,Ectomycorrhizal-Undef. Sap.
Ectomycorrhizal-Undefined Saprotroph,QIIME2,P4S1T1,7.961783439490445,Ectomycorrhizal-Undef. Sap.
Ectomycorrhizal-Undefined Saprotroph,QIIME2,P1S1T2,6.493506493506493,Ectomycorrhizal-Undef. Sap.
Ectomycorrhizal-Undefined Saprotroph,QIIME2,P2S2T1,14.714714714714713,Ectomycorrhizal-Undef. Sap.
Ectomycorrhizal-Undefined Saprotroph,QIIME2,P4S1T2,8.015267175572518,Ectomycorrhizal-Undef. Sap.
Ectomycorrhizal-Undefined Saprotroph,QIIME2,P6S1T2,7.5829383886255926,Ectomycorrhizal-Undef. Sap.
Ectomycorrhizal-Undefined Saprotroph,QIIME2,P1S1T3,13.821138211382115,Ectomycorrhizal-Undef. Sap.
Ectomycorrhizal-Undefined Saprotroph,QIIME2,P4S2T3,15.065502183406112,Ectomycorrhizal-Undef. Sap.
Ectomycorrhizal-Undefined Saprotroph,QIIME2,P2S2T2,10.379746835443038,Ectomycorrhizal-Undef. Sap.
Ectomycorrhizal-Undefined Saprotroph,QIIME2,P4S2T2,6.043956043956044,Ectomycorrhizal-Undef. Sap.
Ectomycorrhizal-Undefined Saprotroph,QIIME2,P1S2T1,12.864077669902912,Ectomycorrhizal-Undef. Sap.
Ectomycorrhizal-Undefined Saprotroph,QIIME2,P2S2T3,6.052631578947368,Ectomycorrhizal-Undef. Sap.
Ectomycorrhizal-Undefined Saprotroph,QIIME2,P5S1T1,7.296137339055794,Ectomycorrhizal-Undef. Sap.
Ectomycorrhizal-Undefined Saprotroph,QIIME2,P1S2T2,6.315789473684211,Ectomycorrhizal-Undef. Sap.
Ectomycorrhizal-Undefined Saprotroph,QIIME2,P3S1T1,2.9585798816568047,Ectomycorrhizal-Undef. Sap.
Ectomycorrhizal-Undefined Saprotroph,QIIME2,P5S1T2,12.035398230088495,Ectomycorrhizal-Undef. Sap.
Ectomycorrhizal-Undefined Saprotroph,QIIME2,P6S2T2,10.919540229885058,Ectomycorrhizal-Undef. Sap.
Ectomycorrhizal-Undefined Saprotroph,QIIME2,P3S1T2,6.628242074927954,Ectomycorrhizal-Undef. Sap.
Ectomycorrhizal-Undefined Saprotroph,QIIME2,P3S2T1,4.113924050632911,Ectomycorrhizal-Undef. Sap.
Ectomycorrhizal-Undefined Saprotroph,QIIME2,P2S1T1,14.49814126394052,Ectomycorrhizal-Undef. Sap.
Ectomycorrhizal-Undefined Saprotroph,QIIME2,P3S2T3,8.078335373317014,Ectomycorrhizal-Undef. Sap.
Ectomycorrhizal-Undefined Saprotroph,QIIME2,P4S1T3,22.338204592901878,Ectomycorrhizal-Undef. Sap.
Ectomycorrhizal-Undefined Saprotroph,QIIME2,P2S1T3,4.0358744394618835,Ectomycorrhizal-Undef. Sap.
Ectomycorrhizal-Undefined Saprotroph,QIIME2,P5S2T3,13.785046728971961,Ectomycorrhizal-Undef. Sap.
Ectomycorrhizal-Undefined Saprotroph,QIIME2,P4S2T1,3.907203907203907,Ectomycorrhizal-Undef. Sap.
Ectomycorrhizal-Undefined Saprotroph,QIIME2,P6S1T3,2.547770700636943,Ectomycorrhizal-Undef. Sap.
Ectomycorrhizal-Undefined Saprotroph,QIIME2,P6S1T1,7.5892857142857135,Ectomycorrhizal-Undef. Sap.
Ectomycorrhizal-Undefined Saprotroph,QIIME2,P6S2T1,11.464968152866243,Ectomycorrhizal-Undef. Sap.
Endophyte-Insect Pathogen,QIIME2,P2S1T2,3.4129692832764507,Endophyte-Insect Pathogen
Endophyte-Insect Pathogen,QIIME2,P3S1T3,2.455357142857143,Endophyte-Insect Pathogen
Endophyte-Insect Pathogen,QIIME2,P3S2T2,1.5180265654648957,Endophyte-Insect Pathogen
Endophyte-Insect Pathogen,QIIME2,P5S2T1,1.36986301369863,Endophyte-Insect Pathogen
Endophyte-Insect Pathogen,QIIME2,P2S2T1,1.5015015015015014,Endophyte-Insect Pathogen
Endophyte-Insect Pathogen,QIIME2,P4S1T2,1.1450381679389312,Endophyte-Insect Pathogen
Endophyte-Insect Pathogen,QIIME2,P1S1T3,1.084010840108401,Endophyte-Insect Pathogen
Endophyte-Insect Pathogen,QIIME2,P4S2T3,6.331877729257641,Endophyte-Insect Pathogen
Endophyte-Insect Pathogen,QIIME2,P2S2T2,1.7721518987341773,Endophyte-Insect Pathogen
Endophyte-Insect Pathogen,QIIME2,P4S2T2,2.4725274725274726,Endophyte-Insect Pathogen
Endophyte-Insect Pathogen,QIIME2,P2S2T3,3.421052631578948,Endophyte-Insect Pathogen
Endophyte-Insect Pathogen,QIIME2,P1S2T2,1.5789473684210527,Endophyte-Insect Pathogen
Endophyte-Insect Pathogen,QIIME2,P6S2T2,1.1494252873563218,Endophyte-Insect Pathogen
Endophyte-Insect Pathogen,QIIME2,P3S1T2,3.7463976945244957,Endophyte-Insect Pathogen
Endophyte-Insect Pathogen,QIIME2,P3S2T1,2.2151898734177213,Endophyte-Insect Pathogen
Endophyte-Insect Pathogen,QIIME2,P2S1T1,4.83271375464684,Endophyte-Insect Pathogen
Endophyte-Insect Pathogen,QIIME2,P3S2T3,1.2239902080783354,Endophyte-Insect Pathogen
Endophyte-Insect Pathogen,QIIME2,P4S1T3,1.2526096033402923,Endophyte-Insect Pathogen
Endophyte-Insect Pathogen,QIIME2,P2S1T3,2.690582959641256,Endophyte-Insect Pathogen
Endophyte-Insect Pathogen,QIIME2,P5S2T3,1.4018691588785046,Endophyte-Insect Pathogen
Endophyte-Insect Pathogen,QIIME2,P4S2T1,1.098901098901099,Endophyte-Insect Pathogen
Endophyte-Insect Pathogen,QIIME2,P6S1T3,2.547770700636943,Endophyte-Insect Pathogen
Endophyte-Insect Pathogen,QIIME2,P6S1T1,2.232142857142857,Endophyte-Insect Pathogen
Endophyte-Insect Pathogen,QIIME2,P6S2T1,1.5923566878980893,Endophyte-Insect Pathogen
Endophyte-Litter Saprotroph-Soil Saprotroph-Undefined Saprotroph,QIIME2,P5S1T3,1.3435700575815739,Endophyte-Undefined Saprotrop
Endophyte-Litter Saprotroph-Soil Saprotroph-Undefined Saprotroph,QIIME2,P2S1T2,4.09556313993174,Endophyte-Undefined Saprotrop
Endophyte-Litter Saprotroph-Soil Saprotroph-Undefined Saprotroph,QIIME2,P3S1T3,1.5625,Endophyte-Undefined Saprotrop
Endophyte-Litter Saprotroph-Soil Saprotroph-Undefined Saprotroph,QIIME2,P6S2T3,6.5015479876160995,Endophyte-Undefined Saprotrop
Endophyte-Litter Saprotroph-Soil Saprotroph-Undefined Saprotroph,QIIME2,P1S2T3,1.5988372093023258,Endophyte-Undefined Saprotrop
Endophyte-Litter Saprotroph-Soil Saprotroph-Undefined Saprotroph,QIIME2,P3S2T2,3.0360531309297913,Endophyte-Undefined Saprotrop
Endophyte-Litter Saprotroph-Soil Saprotroph-Undefined Saprotroph,QIIME2,P5S2T1,2.191780821917808,Endophyte-Undefined Saprotrop
Endophyte-Litter Saprotroph-Soil Saprotroph-Undefined Saprotroph,QIIME2,P5S2T2,7.027818448023426,Endophyte-Undefined Saprotrop
Endophyte-Litter Saprotroph-Soil Saprotroph-Undefined Saprotroph,QIIME2,P1S1T1,2.8169014084507045,Endophyte-Undefined Saprotrop
Endophyte-Litter Saprotroph-Soil Saprotroph-Undefined Saprotroph,QIIME2,P4S1T1,1.910828025477707,Endophyte-Undefined Saprotrop
Endophyte-Litter Saprotroph-Soil Saprotroph-Undefined Saprotroph,QIIME2,P1S1T2,5.681818181818182,Endophyte-Undefined Saprotrop
Endophyte-Litter Saprotroph-Soil Saprotroph-Undefined Saprotroph,QIIME2,P2S2T1,4.504504504504505,Endophyte-Undefined Saprotrop
Endophyte-Litter Saprotroph-Soil Saprotroph-Undefined Saprotroph,QIIME2,P4S1T2,2.099236641221374,Endophyte-Undefined Saprotrop
Endophyte-Litter Saprotroph-Soil Saprotroph-Undefined Saprotroph,QIIME2,P6S1T2,13.270142180094787,Endophyte-Undefined Saprotrop
Endophyte-Litter Saprotroph-Soil Saprotroph-Undefined Saprotroph,QIIME2,P1S1T3,1.7163504968383017,Endophyte-Undefined Saprotrop
Endophyte-Litter Saprotroph-Soil Saprotroph-Undefined Saprotroph,QIIME2,P4S2T3,2.4017467248908297,Endophyte-Undefined Saprotrop
Endophyte-Litter Saprotroph-Soil Saprotroph-Undefined Saprotroph,QIIME2,P2S2T2,2.5316455696202533,Endophyte-Undefined Saprotrop
Endophyte-Litter Saprotroph-Soil Saprotroph-Undefined Saprotroph,QIIME2,P4S2T2,2.7472527472527473,Endophyte-Undefined Saprotrop
Endophyte-Litter Saprotroph-Soil Saprotroph-Undefined Saprotroph,QIIME2,P1S2T1,3.8834951456310676,Endophyte-Undefined Saprotrop
Endophyte-Litter Saprotroph-Soil Saprotroph-Undefined Saprotroph,QIIME2,P2S2T3,1.3157894736842104,Endophyte-Undefined Saprotrop
Endophyte-Litter Saprotroph-Soil Saprotroph-Undefined Saprotroph,QIIME2,P5S1T1,4.291845493562231,Endophyte-Undefined Saprotrop
Endophyte-Litter Saprotroph-Soil Saprotroph-Undefined Saprotroph,QIIME2,P1S2T2,1.3157894736842104,Endophyte-Undefined Saprotrop
Endophyte-Litter Saprotroph-Soil Saprotroph-Undefined Saprotroph,QIIME2,P3S1T1,2.9585798816568047,Endophyte-Undefined Saprotrop
Endophyte-Litter Saprotroph-Soil Saprotroph-Undefined Saprotroph,QIIME2,P5S1T2,3.893805309734513,Endophyte-Undefined Saprotrop
Endophyte-Litter Saprotroph-Soil Saprotroph-Undefined Saprotroph,QIIME2,P6S2T2,1.1494252873563218,Endophyte-Undefined Saprotrop
Endophyte-Litter Saprotroph-Soil Saprotroph-Undefined Saprotroph,QIIME2,P3S1T2,2.0172910662824206,Endophyte-Undefined Saprotrop
Endophyte-Litter Saprotroph-Soil Saprotroph-Undefined Saprotroph,QIIME2,P3S2T1,5.379746835443038,Endophyte-Undefined Saprotrop
Endophyte-Litter Saprotroph-Soil Saprotroph-Undefined Saprotroph,QIIME2,P2S1T1,1.858736059479554,Endophyte-Undefined Saprotrop
Endophyte-Litter Saprotroph-Soil Saprotroph-Undefined Saprotroph,QIIME2,P3S2T3,1.4687882496940026,Endophyte-Undefined Saprotrop
Endophyte-Litter Saprotroph-Soil Saprotroph-Undefined Saprotroph,QIIME2,P4S1T3,3.549060542797495,Endophyte-Undefined Saprotrop
Endophyte-Litter Saprotroph-Soil Saprotroph-Undefined Saprotroph,QIIME2,P2S1T3,1.7937219730941705,Endophyte-Undefined Saprotrop
Endophyte-Litter Saprotroph-Soil Saprotroph-Undefined Saprotroph,QIIME2,P5S2T3,3.0373831775700935,Endophyte-Undefined Saprotrop
Endophyte-Litter Saprotroph-Soil Saprotroph-Undefined Saprotroph,QIIME2,P4S2T1,1.8315018315018317,Endophyte-Undefined Saprotrop
Endophyte-Litter Saprotroph-Soil Saprotroph-Undefined Saprotroph,QIIME2,P6S1T3,6.369426751592357,Endophyte-Undefined Saprotrop
Endophyte-Litter Saprotroph-Soil Saprotroph-Undefined Saprotroph,QIIME2,P6S1T1,4.464285714285714,Endophyte-Undefined Saprotrop
Endophyte-Litter Saprotroph-Soil Saprotroph-Undefined Saprotroph,QIIME2,P6S2T1,3.1847133757961785,Endophyte-Undefined Saprotrop
Ericoid Mycorrhizal,QIIME2,P2S1T2,1.023890784982935,Ericoid Mycorrhizal
Ericoid Mycorrhizal,QIIME2,P6S2T3,1.238390092879257,Ericoid Mycorrhizal
Ericoid Mycorrhizal,QIIME2,P1S2T3,1.5988372093023258,Ericoid Mycorrhizal
Ericoid Mycorrhizal,QIIME2,P5S2T2,1.4641288433382138,Ericoid Mycorrhizal
Ericoid Mycorrhizal,QIIME2,P1S1T1,1.267605633802817,Ericoid Mycorrhizal
Ericoid Mycorrhizal,QIIME2,P1S1T2,2.4350649350649354,Ericoid Mycorrhizal
Ericoid Mycorrhizal,QIIME2,P2S2T3,2.1052631578947367,Ericoid Mycorrhizal
Ericoid Mycorrhizal,QIIME2,P5S1T1,3.004291845493562,Ericoid Mycorrhizal
Ericoid Mycorrhizal,QIIME2,P5S1T2,1.592920353982301,Ericoid Mycorrhizal
Ericoid Mycorrhizal,QIIME2,P6S2T2,1.1494252873563218,Ericoid Mycorrhizal
Ericoid Mycorrhizal,QIIME2,P3S2T1,2.5316455696202533,Ericoid Mycorrhizal
Ericoid Mycorrhizal,QIIME2,P2S1T1,1.1152416356877324,Ericoid Mycorrhizal
Ericoid Mycorrhizal,QIIME2,P3S2T3,1.101591187270502,Ericoid Mycorrhizal
Ericoid Mycorrhizal,QIIME2,P4S1T3,2.2964509394572024,Ericoid Mycorrhizal
Ericoid Mycorrhizal,QIIME2,P5S2T3,1.4018691588785046,Ericoid Mycorrhizal
Ericoid Mycorrhizal,QIIME2,P6S2T1,2.8662420382165608,Ericoid Mycorrhizal
Undefined Saprotroph,QIIME2,P5S1T3,3.071017274472169,Undefined Saprotroph
Undefined Saprotroph,QIIME2,P2S1T2,7.849829351535837,Undefined Saprotroph
Undefined Saprotroph,QIIME2,P3S1T3,2.232142857142857,Undefined Saprotroph
Undefined Saprotroph,QIIME2,P6S2T3,2.941176470588235,Undefined Saprotroph
Undefined Saprotroph,QIIME2,P1S2T3,2.616279069767442,Undefined Saprotroph
Undefined Saprotroph,QIIME2,P3S2T2,1.7077798861480076,Undefined Saprotroph
Undefined Saprotroph,QIIME2,P5S2T1,3.8356164383561646,Undefined Saprotroph
Undefined Saprotroph,QIIME2,P5S2T2,2.4890190336749636,Undefined Saprotroph
Undefined Saprotroph,QIIME2,P1S1T1,1.6901408450704223,Undefined Saprotroph
Undefined Saprotroph,QIIME2,P1S1T2,5.51948051948052,Undefined Saprotroph
Undefined Saprotroph,QIIME2,P2S2T1,5.105105105105105,Undefined Saprotroph
Undefined Saprotroph,QIIME2,P4S1T2,4.580152671755725,Undefined Saprotroph
Undefined Saprotroph,QIIME2,P1S1T3,4.5167118337850045,Undefined Saprotroph
Undefined Saprotroph,QIIME2,P4S2T3,4.8034934497816595,Undefined Saprotroph
Undefined Saprotroph,QIIME2,P2S2T2,5.063291139240507,Undefined Saprotroph
Undefined Saprotroph,QIIME2,P4S2T2,4.1208791208791204,Undefined Saprotroph
Undefined Saprotroph,QIIME2,P1S2T1,2.1844660194174756,Undefined Saprotroph
Undefined Saprotroph,QIIME2,P2S2T3,3.1578947368421053,Undefined Saprotroph
Undefined Saprotroph,QIIME2,P5S1T1,2.1459227467811157,Undefined Saprotroph
Undefined Saprotroph,QIIME2,P1S2T2,3.9473684210526314,Undefined Saprotroph
Undefined Saprotroph,QIIME2,P3S1T1,2.366863905325444,Undefined Saprotroph
Undefined Saprotroph,QIIME2,P5S1T2,1.415929203539823,Undefined Saprotroph
Undefined Saprotroph,QIIME2,P6S2T2,2.8735632183908044,Undefined Saprotroph
Undefined Saprotroph,QIIME2,P3S1T2,3.45821325648415,Undefined Saprotroph
Undefined Saprotroph,QIIME2,P3S2T1,2.5316455696202533,Undefined Saprotroph
Undefined Saprotroph,QIIME2,P2S1T1,3.3457249070631967,Undefined Saprotroph
Undefined Saprotroph,QIIME2,P3S2T3,3.7943696450428397,Undefined Saprotroph
Undefined Saprotroph,QIIME2,P4S1T3,3.1315240083507305,Undefined Saprotroph
Undefined Saprotroph,QIIME2,P2S1T3,3.1390134529147984,Undefined Saprotroph
Undefined Saprotroph,QIIME2,P5S2T3,1.6355140186915886,Undefined Saprotroph
Undefined Saprotroph,QIIME2,P6S1T3,3.1847133757961785,Undefined Saprotroph
Undefined Saprotroph,QIIME2,P6S1T1,3.125,Undefined Saprotroph
Undefined Saprotroph,QIIME2,P6S2T1,7.006369426751593,Undefined Saprotroph
Wood Saprotroph,QIIME2,P5S1T3,6.142034548944338,Wood Saprotroph
Wood Saprotroph,QIIME2,P2S1T2,5.802047781569966,Wood Saprotroph
Wood Saprotroph,QIIME2,P3S1T3,3.125,Wood Saprotroph
Wood Saprotroph,QIIME2,P6S2T3,8.204334365325078,Wood Saprotroph
Wood Saprotroph,QIIME2,P1S2T3,3.0523255813953485,Wood Saprotroph
Wood Saprotroph,QIIME2,P3S2T2,8.159392789373813,Wood Saprotroph
Wood Saprotroph,QIIME2,P5S2T1,3.8356164383561646,Wood Saprotroph
Wood Saprotroph,QIIME2,P5S2T2,6.002928257686676,Wood Saprotroph
Wood Saprotroph,QIIME2,P1S1T1,2.676056338028169,Wood Saprotroph
Wood Saprotroph,QIIME2,P4S1T1,10.828025477707007,Wood Saprotroph
Wood Saprotroph,QIIME2,P1S1T2,4.220779220779221,Wood Saprotroph
Wood Saprotroph,QIIME2,P2S2T1,5.105105105105105,Wood Saprotroph
Wood Saprotroph,QIIME2,P4S1T2,3.6259541984732824,Wood Saprotroph
Wood Saprotroph,QIIME2,P6S1T2,2.843601895734597,Wood Saprotroph
Wood Saprotroph,QIIME2,P1S1T3,4.697380307136405,Wood Saprotroph
Wood Saprotroph,QIIME2,P4S2T3,3.711790393013101,Wood Saprotroph
Wood Saprotroph,QIIME2,P2S2T2,3.79746835443038,Wood Saprotroph
Wood Saprotroph,QIIME2,P4S2T2,2.4725274725274726,Wood Saprotroph
Wood Saprotroph,QIIME2,P1S2T1,4.368932038834951,Wood Saprotroph
Wood Saprotroph,QIIME2,P2S2T3,3.1578947368421053,Wood Saprotroph
Wood Saprotroph,QIIME2,P5S1T1,6.008583690987124,Wood Saprotroph
Wood Saprotroph,QIIME2,P1S2T2,5.526315789473684,Wood Saprotroph
Wood Saprotroph,QIIME2,P3S1T1,4.733727810650888,Wood Saprotroph
Wood Saprotroph,QIIME2,P5S1T2,4.424778761061947,Wood Saprotroph
Wood Saprotroph,QIIME2,P6S2T2,4.597701149425287,Wood Saprotroph
Wood Saprotroph,QIIME2,P3S1T2,5.187319884726225,Wood Saprotroph
Wood Saprotroph,QIIME2,P3S2T1,3.1645569620253164,Wood Saprotroph
Wood Saprotroph,QIIME2,P2S1T1,4.4609665427509295,Wood Saprotroph
Wood Saprotroph,QIIME2,P3S2T3,3.7943696450428397,Wood Saprotroph
Wood Saprotroph,QIIME2,P4S1T3,5.6367432150313155,Wood Saprotroph
Wood Saprotroph,QIIME2,P2S1T3,3.1390134529147984,Wood Saprotroph
Wood Saprotroph,QIIME2,P5S2T3,4.672897196261682,Wood Saprotroph
Wood Saprotroph,QIIME2,P4S2T1,3.0525030525030523,Wood Saprotroph
Wood Saprotroph,QIIME2,P6S1T3,10.191082802547772,Wood Saprotroph
Wood Saprotroph,QIIME2,P6S1T1,5.357142857142857,Wood Saprotroph
Wood Saprotroph,QIIME2,P6S2T1,4.777070063694268,Wood Saprotroph
Animal Pathogen,SINGLE MICOP,P5S1T3,6.2974542206342115,Animal Pathogen
Animal Pathogen,SINGLE MICOP,P2S1T2,4.830508474576272,Animal Pathogen
Animal Pathogen,SINGLE MICOP,P3S1T3,4.595060310166571,Animal Pathogen
Animal Pathogen,SINGLE MICOP,P6S2T3,7.129686539643516,Animal Pathogen
Animal Pathogen,SINGLE MICOP,P1S2T3,5.7846153846153845,Animal Pathogen
Animal Pathogen,SINGLE MICOP,P3S2T2,6.376704754883892,Animal Pathogen
Animal Pathogen,SINGLE MICOP,P5S2T1,4.934464148033924,Animal Pathogen
Animal Pathogen,SINGLE MICOP,P5S2T2,7.536842105263158,Animal Pathogen
Animal Pathogen,SINGLE MICOP,P1S1T1,4.472967716841696,Animal Pathogen
Animal Pathogen,SINGLE MICOP,P4S1T1,5.108910891089109,Animal Pathogen
Animal Pathogen,SINGLE MICOP,P1S1T2,4.228083785880528,Animal Pathogen
Animal Pathogen,SINGLE MICOP,P2S2T1,2.8092433167195288,Animal Pathogen
Animal Pathogen,SINGLE MICOP,P4S1T2,4.47227191413238,Animal Pathogen
Animal Pathogen,SINGLE MICOP,P6S1T2,2.995805871779509,Animal Pathogen
Animal Pathogen,SINGLE MICOP,P1S1T3,3.6593629997741135,Animal Pathogen
Animal Pathogen,SINGLE MICOP,P4S2T3,4.748795595320027,Animal Pathogen
Animal Pathogen,SINGLE MICOP,P2S2T2,6.128550074738415,Animal Pathogen
Animal Pathogen,SINGLE MICOP,P4S2T2,4.8406139315230226,Animal Pathogen
Animal Pathogen,SINGLE MICOP,P1S2T1,4.638218923933209,Animal Pathogen
Animal Pathogen,SINGLE MICOP,P2S2T3,3.7276341948310137,Animal Pathogen
Animal Pathogen,SINGLE MICOP,P5S1T1,2.9918864097363085,Animal Pathogen
Animal Pathogen,SINGLE MICOP,P1S2T2,2.6302971261568433,Animal Pathogen
Animal Pathogen,SINGLE MICOP,P3S1T1,6.7513368983957225,Animal Pathogen
Animal Pathogen,SINGLE MICOP,P5S1T2,4.59830866807611,Animal Pathogen
Animal Pathogen,SINGLE MICOP,P6S2T2,7.74526678141136,Animal Pathogen
Animal Pathogen,SINGLE MICOP,P3S1T2,4.890510948905109,Animal Pathogen
Animal Pathogen,SINGLE MICOP,P3S2T1,5.975013579576317,Animal Pathogen
Animal Pathogen,SINGLE MICOP,P2S1T1,7.768469154607768,Animal Pathogen
Animal Pathogen,SINGLE MICOP,P3S2T3,5.696784073506891,Animal Pathogen
Animal Pathogen,SINGLE MICOP,P4S1T3,7.687793427230047,Animal Pathogen
Animal Pathogen,SINGLE MICOP,P2S1T3,4.09035409035409,Animal Pathogen
Animal Pathogen,SINGLE MICOP,P5S2T3,3.810049696300387,Animal Pathogen
Animal Pathogen,SINGLE MICOP,P4S2T1,5.391621129326047,Animal Pathogen
Animal Pathogen,SINGLE MICOP,P6S1T3,9.336332958380202,Animal Pathogen
Animal Pathogen,SINGLE MICOP,P6S1T1,1.142263759086189,Animal Pathogen
Animal Pathogen,SINGLE MICOP,P6S2T1,5.3869499241274665,Animal Pathogen
Animal Pathogen-Endophyte-Epiphyte-Fungal Parasite-Plant Pathogen-Wood Saprotroph,SINGLE MICOP,P5S1T3,1.7418490397498883,Animal-Plant P-Endophyte-Saprotroph
Animal Pathogen-Endophyte-Epiphyte-Fungal Parasite-Plant Pathogen-Wood Saprotroph,SINGLE MICOP,P2S1T2,6.694915254237288,Animal-Plant P-Endophyte-Saprotroph
Animal Pathogen-Endophyte-Epiphyte-Fungal Parasite-Plant Pathogen-Wood Saprotroph,SINGLE MICOP,P3S1T3,2.469844916714532,Animal-Plant P-Endophyte-Saprotroph
Animal Pathogen-Endophyte-Epiphyte-Fungal Parasite-Plant Pathogen-Wood Saprotroph,SINGLE MICOP,P1S2T3,1.4461538461538461,Animal-Plant P-Endophyte-Saprotroph
Animal Pathogen-Endophyte-Epiphyte-Fungal Parasite-Plant Pathogen-Wood Saprotroph,SINGLE MICOP,P3S2T2,4.865462587541467,Animal-Plant P-Endophyte-Saprotroph
Animal Pathogen-Endophyte-Epiphyte-Fungal Parasite-Plant Pathogen-Wood Saprotroph,SINGLE MICOP,P5S2T1,2.467232074016962,Animal-Plant P-Endophyte-Saprotroph
Animal Pathogen-Endophyte-Epiphyte-Fungal Parasite-Plant Pathogen-Wood Saprotroph,SINGLE MICOP,P1S1T1,2.8782574873590043,Animal-Plant P-Endophyte-Saprotroph
Animal Pathogen-Endophyte-Epiphyte-Fungal Parasite-Plant Pathogen-Wood Saprotroph,SINGLE MICOP,P2S2T1,1.4046216583597644,Animal-Plant P-Endophyte-Saprotroph
Animal Pathogen-Endophyte-Epiphyte-Fungal Parasite-Plant Pathogen-Wood Saprotroph,SINGLE MICOP,P4S1T2,1.2522361359570662,Animal-Plant P-Endophyte-Saprotroph
Animal Pathogen-Endophyte-Epiphyte-Fungal Parasite-Plant Pathogen-Wood Saprotroph,SINGLE MICOP,P6S1T2,1.797483523067705,Animal-Plant P-Endophyte-Saprotroph
Animal Pathogen-Endophyte-Epiphyte-Fungal Parasite-Plant Pathogen-Wood Saprotroph,SINGLE MICOP,P1S1T3,2.462163993675175,Animal-Plant P-Endophyte-Saprotroph
Animal Pathogen-Endophyte-Epiphyte-Fungal Parasite-Plant Pathogen-Wood Saprotroph,SINGLE MICOP,P4S2T3,3.2002752924982794,Animal-Plant P-Endophyte-Saprotroph
Animal Pathogen-Endophyte-Epiphyte-Fungal Parasite-Plant Pathogen-Wood Saprotroph,SINGLE MICOP,P2S2T2,5.580468360737419,Animal-Plant P-Endophyte-Saprotroph
Animal Pathogen-Endophyte-Epiphyte-Fungal Parasite-Plant Pathogen-Wood Saprotroph,SINGLE MICOP,P4S2T2,2.8925619834710745,Animal-Plant P-Endophyte-Saprotroph
Animal Pathogen-Endophyte-Epiphyte-Fungal Parasite-Plant Pathogen-Wood Saprotroph,SINGLE MICOP,P1S2T1,2.102659245516388,Animal-Plant P-Endophyte-Saprotroph
Animal Pathogen-Endophyte-Epiphyte-Fungal Parasite-Plant Pathogen-Wood Saprotroph,SINGLE MICOP,P2S2T3,2.1868787276341948,Animal-Plant P-Endophyte-Saprotroph
Animal Pathogen-Endophyte-Epiphyte-Fungal Parasite-Plant Pathogen-Wood Saprotroph,SINGLE MICOP,P5S1T1,1.8255578093306288,Animal-Plant P-Endophyte-Saprotroph
Animal Pathogen-Endophyte-Epiphyte-Fungal Parasite-Plant Pathogen-Wood Saprotroph,SINGLE MICOP,P1S2T2,1.607403799318071,Animal-Plant P-Endophyte-Saprotroph
Animal Pathogen-Endophyte-Epiphyte-Fungal Parasite-Plant Pathogen-Wood Saprotroph,SINGLE MICOP,P3S1T1,2.13903743315508,Animal-Plant P-Endophyte-Saprotroph
Animal Pathogen-Endophyte-Epiphyte-Fungal Parasite-Plant Pathogen-Wood Saprotroph,SINGLE MICOP,P6S2T2,1.2908777969018932,Animal-Plant P-Endophyte-Saprotroph
Animal Pathogen-Endophyte-Epiphyte-Fungal Parasite-Plant Pathogen-Wood Saprotroph,SINGLE MICOP,P3S2T1,3.259098316132537,Animal-Plant P-Endophyte-Saprotroph
Animal Pathogen-Endophyte-Epiphyte-Fungal Parasite-Plant Pathogen-Wood Saprotroph,SINGLE MICOP,P2S1T1,6.473724295506473,Animal-Plant P-Endophyte-Saprotroph
Animal Pathogen-Endophyte-Epiphyte-Fungal Parasite-Plant Pathogen-Wood Saprotroph,SINGLE MICOP,P3S2T3,5.206738131699847,Animal-Plant P-Endophyte-Saprotroph
Animal Pathogen-Endophyte-Epiphyte-Fungal Parasite-Plant Pathogen-Wood Saprotroph,SINGLE MICOP,P2S1T3,4.212454212454213,Animal-Plant P-Endophyte-Saprotroph
Animal Pathogen-Endophyte-Epiphyte-Fungal Parasite-Plant Pathogen-Wood Saprotroph,SINGLE MICOP,P5S2T3,1.3252346769740475,Animal-Plant P-Endophyte-Saprotroph
Animal Pathogen-Endophyte-Epiphyte-Fungal Parasite-Plant Pathogen-Wood Saprotroph,SINGLE MICOP,P4S2T1,2.6593806921675776,Animal-Plant P-Endophyte-Saprotroph
Animal Pathogen-Endophyte-Epiphyte-Fungal Parasite-Plant Pathogen-Wood Saprotroph,SINGLE MICOP,P6S1T3,1.9122609673790776,Animal-Plant P-Endophyte-Saprotroph
Animal Pathogen-Endophyte-Epiphyte-Fungal Parasite-Plant Pathogen-Wood Saprotroph,SINGLE MICOP,P6S1T1,2.699896157840083,Animal-Plant P-Endophyte-Saprotroph
Dung Saprotroph-Undefined Saprotroph-Wood Saprotroph,SINGLE MICOP,P5S1T3,11.121036176864672,Undefined Saprotroph
Dung Saprotroph-Undefined Saprotroph-Wood Saprotroph,SINGLE MICOP,P2S1T2,12.711864406779661,Undefined Saprotroph
Dung Saprotroph-Undefined Saprotroph-Wood Saprotroph,SINGLE MICOP,P3S1T3,24.52613440551407,Undefined Saprotroph
Dung Saprotroph-Undefined Saprotroph-Wood Saprotroph,SINGLE MICOP,P6S2T3,2.9809465273509526,Undefined Saprotroph
Dung Saprotroph-Undefined Saprotroph-Wood Saprotroph,SINGLE MICOP,P1S2T3,7.661538461538461,Undefined Saprotroph
Dung Saprotroph-Undefined Saprotroph-Wood Saprotroph,SINGLE MICOP,P3S2T2,12.82712863988205,Undefined Saprotroph
Dung Saprotroph-Undefined Saprotroph-Wood Saprotroph,SINGLE MICOP,P5S2T1,9.097918272937548,Undefined Saprotroph
Dung Saprotroph-Undefined Saprotroph-Wood Saprotroph,SINGLE MICOP,P5S2T2,8.505263157894737,Undefined Saprotroph
Dung Saprotroph-Undefined Saprotroph-Wood Saprotroph,SINGLE MICOP,P1S1T1,22.987164527421236,Undefined Saprotroph
Dung Saprotroph-Undefined Saprotroph-Wood Saprotroph,SINGLE MICOP,P4S1T1,7.8415841584158414,Undefined Saprotroph
Dung Saprotroph-Undefined Saprotroph-Wood Saprotroph,SINGLE MICOP,P1S1T2,18.580294802172226,Undefined Saprotroph
Dung Saprotroph-Undefined Saprotroph-Wood Saprotroph,SINGLE MICOP,P2S2T1,14.635251472587221,Undefined Saprotroph
Dung Saprotroph-Undefined Saprotroph-Wood Saprotroph,SINGLE MICOP,P4S1T2,15.670840787119857,Undefined Saprotroph
Dung Saprotroph-Undefined Saprotroph-Wood Saprotroph,SINGLE MICOP,P6S1T2,2.995805871779509,Undefined Saprotroph
Dung Saprotroph-Undefined Saprotroph-Wood Saprotroph,SINGLE MICOP,P1S1T3,18.025751072961373,Undefined Saprotroph
Dung Saprotroph-Undefined Saprotroph-Wood Saprotroph,SINGLE MICOP,P4S2T3,13.523743977976599,Undefined Saprotroph
Dung Saprotroph-Undefined Saprotroph-Wood Saprotroph,SINGLE MICOP,P2S2T2,13.153961136023916,Undefined Saprotroph
Dung Saprotroph-Undefined Saprotroph-Wood Saprotroph,SINGLE MICOP,P4S2T2,12.396694214876034,Undefined Saprotroph
Dung Saprotroph-Undefined Saprotroph-Wood Saprotroph,SINGLE MICOP,P1S2T1,13.079777365491651,Undefined Saprotroph
Dung Saprotroph-Undefined Saprotroph-Wood Saprotroph,SINGLE MICOP,P2S2T3,14.115308151093439,Undefined Saprotroph
Dung Saprotroph-Undefined Saprotroph-Wood Saprotroph,SINGLE MICOP,P5S1T1,5.425963488843814,Undefined Saprotroph
Dung Saprotroph-Undefined Saprotroph-Wood Saprotroph,SINGLE MICOP,P1S2T2,25.231368728689723,Undefined Saprotroph
Dung Saprotroph-Undefined Saprotroph-Wood Saprotroph,SINGLE MICOP,P3S1T1,9.157754010695188,Undefined Saprotroph
Dung Saprotroph-Undefined Saprotroph-Wood Saprotroph,SINGLE MICOP,P5S1T2,8.509513742071881,Undefined Saprotroph
Dung Saprotroph-Undefined Saprotroph-Wood Saprotroph,SINGLE MICOP,P6S2T2,5.249569707401033,Undefined Saprotroph
Dung Saprotroph-Undefined Saprotroph-Wood Saprotroph,SINGLE MICOP,P3S1T2,13.102189781021897,Undefined Saprotroph
Dung Saprotroph-Undefined Saprotroph-Wood Saprotroph,SINGLE MICOP,P3S2T1,13.85116784356328,Undefined Saprotroph
Dung Saprotroph-Undefined Saprotroph-Wood Saprotroph,SINGLE MICOP,P2S1T1,12.947448591012947,Undefined Saprotroph
Dung Saprotroph-Undefined Saprotroph-Wood Saprotroph,SINGLE MICOP,P3S2T3,7.3813169984686064,Undefined Saprotroph
Dung Saprotroph-Undefined Saprotroph-Wood Saprotroph,SINGLE MICOP,P4S1T3,11.032863849765258,Undefined Saprotroph
Dung Saprotroph-Undefined Saprotroph-Wood Saprotroph,SINGLE MICOP,P2S1T3,15.506715506715507,Undefined Saprotroph
Dung Saprotroph-Undefined Saprotroph-Wood Saprotroph,SINGLE MICOP,P5S2T3,8.83489784649365,Undefined Saprotroph
Dung Saprotroph-Undefined Saprotroph-Wood Saprotroph,SINGLE MICOP,P4S2T1,9.763205828779599,Undefined Saprotroph
Dung Saprotroph-Undefined Saprotroph-Wood Saprotroph,SINGLE MICOP,P6S1T3,12.03599550056243,Undefined Saprotroph
Dung Saprotroph-Undefined Saprotroph-Wood Saprotroph,SINGLE MICOP,P6S1T1,9.345794392523365,Undefined Saprotroph
Dung Saprotroph-Undefined Saprotroph-Wood Saprotroph,SINGLE MICOP,P6S2T1,7.587253414264036,Undefined Saprotroph
Dung Saprotroph-Wood Saprotroph,SINGLE MICOP,P5S1T3,2.7244305493523897,Dung Saprotroph-Wood Saprotroph
Dung Saprotroph-Wood Saprotroph,SINGLE MICOP,P2S1T2,7.796610169491526,Dung Saprotroph-Wood Saprotroph
Dung Saprotroph-Wood Saprotroph,SINGLE MICOP,P3S1T3,3.5611717403790926,Dung Saprotroph-Wood Saprotroph
Dung Saprotroph-Wood Saprotroph,SINGLE MICOP,P1S2T3,3.1692307692307695,Dung Saprotroph-Wood Saprotroph
Dung Saprotroph-Wood Saprotroph,SINGLE MICOP,P3S2T2,2.248433468485072,Dung Saprotroph-Wood Saprotroph
Dung Saprotroph-Wood Saprotroph,SINGLE MICOP,P5S2T1,3.7779491133384733,Dung Saprotroph-Wood Saprotroph
Dung Saprotroph-Wood Saprotroph,SINGLE MICOP,P5S2T2,1.8526315789473686,Dung Saprotroph-Wood Saprotroph
Dung Saprotroph-Wood Saprotroph,SINGLE MICOP,P1S1T1,3.1894204589653827,Dung Saprotroph-Wood Saprotroph
Dung Saprotroph-Wood Saprotroph,SINGLE MICOP,P4S1T1,7.207920792079207,Dung Saprotroph-Wood Saprotroph
Dung Saprotroph-Wood Saprotroph,SINGLE MICOP,P1S1T2,2.7152831652443754,Dung Saprotroph-Wood Saprotroph
Dung Saprotroph-Wood Saprotroph,SINGLE MICOP,P2S2T1,6.570004531037607,Dung Saprotroph-Wood Saprotroph
Dung Saprotroph-Wood Saprotroph,SINGLE MICOP,P4S1T2,4.5080500894454385,Dung Saprotroph-Wood Saprotroph
Dung Saprotroph-Wood Saprotroph,SINGLE MICOP,P6S1T2,2.037147992810066,Dung Saprotroph-Wood Saprotroph
Dung Saprotroph-Wood Saprotroph,SINGLE MICOP,P1S1T3,1.3779082900384008,Dung Saprotroph-Wood Saprotroph
Dung Saprotroph-Wood Saprotroph,SINGLE MICOP,P4S2T3,3.750860289057123,Dung Saprotroph-Wood Saprotroph
Dung Saprotroph-Wood Saprotroph,SINGLE MICOP,P2S2T2,4.58395615346288,Dung Saprotroph-Wood Saprotroph
Dung Saprotroph-Wood Saprotroph,SINGLE MICOP,P4S2T2,5.135773317591499,Dung Saprotroph-Wood Saprotroph
Dung Saprotroph-Wood Saprotroph,SINGLE MICOP,P1S2T1,1.948051948051948,Dung Saprotroph-Wood Saprotroph
Dung Saprotroph-Wood Saprotroph,SINGLE MICOP,P2S2T3,4.423459244532803,Dung Saprotroph-Wood Saprotroph
Dung Saprotroph-Wood Saprotroph,SINGLE MICOP,P1S2T2,2.679006332196785,Dung Saprotroph-Wood Saprotroph
Dung Saprotroph-Wood Saprotroph,SINGLE MICOP,P3S1T1,2.339572192513369,Dung Saprotroph-Wood Saprotroph
Dung Saprotroph-Wood Saprotroph,SINGLE MICOP,P5S1T2,3.9112050739957716,Dung Saprotroph-Wood Saprotroph
Dung Saprotroph-Wood Saprotroph,SINGLE MICOP,P6S2T2,2.323580034423408,Dung Saprotroph-Wood Saprotroph
Dung Saprotroph-Wood Saprotroph,SINGLE MICOP,P3S1T2,2.81021897810219,Dung Saprotroph-Wood Saprotroph
Dung Saprotroph-Wood Saprotroph,SINGLE MICOP,P3S2T1,3.2047800108636606,Dung Saprotroph-Wood Saprotroph
Dung Saprotroph-Wood Saprotroph,SINGLE MICOP,P2S1T1,5.178979436405179,Dung Saprotroph-Wood Saprotroph
Dung Saprotroph-Wood Saprotroph,SINGLE MICOP,P3S2T3,2.113323124042879,Dung Saprotroph-Wood Saprotroph
Dung Saprotroph-Wood Saprotroph,SINGLE MICOP,P4S1T3,5.34037558685446,Dung Saprotroph-Wood Saprotroph
Dung Saprotroph-Wood Saprotroph,SINGLE MICOP,P2S1T3,7.6923076923076925,Dung Saprotroph-Wood Saprotroph
Dung Saprotroph-Wood Saprotroph,SINGLE MICOP,P5S2T3,1.9878520154610713,Dung Saprotroph-Wood Saprotroph
Dung Saprotroph-Wood Saprotroph,SINGLE MICOP,P4S2T1,3.715846994535519,Dung Saprotroph-Wood Saprotroph
Dung Saprotroph-Wood Saprotroph,SINGLE MICOP,P6S1T3,4.161979752530934,Dung Saprotroph-Wood Saprotroph
Dung Saprotroph-Wood Saprotroph,SINGLE MICOP,P6S1T1,2.284527518172378,Dung Saprotroph-Wood Saprotroph
Dung Saprotroph-Wood Saprotroph,SINGLE MICOP,P6S2T1,2.8831562974203337,Dung Saprotroph-Wood Saprotroph
Ectomycorrhizal,SINGLE MICOP,P5S1T3,3.796337650736936,Ectomycorrhizal
Ectomycorrhizal,SINGLE MICOP,P2S1T2,3.940677966101695,Ectomycorrhizal
Ectomycorrhizal,SINGLE MICOP,P3S1T3,1.8954623779437105,Ectomycorrhizal
Ectomycorrhizal,SINGLE MICOP,P6S2T3,35.24892440073755,Ectomycorrhizal
Ectomycorrhizal,SINGLE MICOP,P1S2T3,12.36923076923077,Ectomycorrhizal
Ectomycorrhizal,SINGLE MICOP,P3S2T2,3.3910799852561744,Ectomycorrhizal
Ectomycorrhizal,SINGLE MICOP,P5S2T1,1.8504240555127216,Ectomycorrhizal
Ectomycorrhizal,SINGLE MICOP,P5S2T2,5.136842105263158,Ectomycorrhizal
Ectomycorrhizal,SINGLE MICOP,P4S1T1,5.108910891089109,Ectomycorrhizal
Ectomycorrhizal,SINGLE MICOP,P1S1T2,2.4437548487199376,Ectomycorrhizal
Ectomycorrhizal,SINGLE MICOP,P2S2T1,3.035795197100136,Ectomycorrhizal
Ectomycorrhizal,SINGLE MICOP,P6S1T2,2.8759736369083284,Ectomycorrhizal
Ectomycorrhizal,SINGLE MICOP,P1S1T3,6.279647616896318,Ectomycorrhizal
Ectomycorrhizal,SINGLE MICOP,P4S2T3,2.6496902959394353,Ectomycorrhizal
Ectomycorrhizal,SINGLE MICOP,P4S2T2,1.357733175914994,Ectomycorrhizal
Ectomycorrhizal,SINGLE MICOP,P1S2T1,2.9993815708101423,Ectomycorrhizal
Ectomycorrhizal,SINGLE MICOP,P2S2T3,4.324055666003976,Ectomycorrhizal
Ectomycorrhizal,SINGLE MICOP,P5S1T1,1.7748478701825559,Ectomycorrhizal
Ectomycorrhizal,SINGLE MICOP,P1S2T2,7.501217730150998,Ectomycorrhizal
Ectomycorrhizal,SINGLE MICOP,P3S1T1,3.8770053475935833,Ectomycorrhizal
Ectomycorrhizal,SINGLE MICOP,P5S1T2,5.338266384778013,Ectomycorrhizal
Ectomycorrhizal,SINGLE MICOP,P3S1T2,2.9927007299270074,Ectomycorrhizal
Ectomycorrhizal,SINGLE MICOP,P2S1T1,3.7319116527037317,Ectomycorrhizal
Ectomycorrhizal,SINGLE MICOP,P3S2T3,3.30781010719755,Ectomycorrhizal
Ectomycorrhizal,SINGLE MICOP,P4S1T3,1.936619718309859,Ectomycorrhizal
Ectomycorrhizal,SINGLE MICOP,P5S2T3,4.748757592490336,Ectomycorrhizal
Ectomycorrhizal,SINGLE MICOP,P4S2T1,3.825136612021858,Ectomycorrhizal
Ectomycorrhizal,SINGLE MICOP,P6S1T3,3.149606299212598,Ectomycorrhizal
Ectomycorrhizal,SINGLE MICOP,P6S2T1,4.476479514415781,Ectomycorrhizal
Endophyte-Plant Pathogen,SINGLE MICOP,P2S1T2,3.305084745762712,Endophyte-Plant Pathogen
Endophyte-Plant Pathogen,SINGLE MICOP,P3S1T3,1.6082711085583,Endophyte-Plant Pathogen
Endophyte-Plant Pathogen,SINGLE MICOP,P1S2T3,1.0461538461538462,Endophyte-Plant Pathogen
Endophyte-Plant Pathogen,SINGLE MICOP,P3S2T2,2.0272760781422776,Endophyte-Plant Pathogen
Endophyte-Plant Pathogen,SINGLE MICOP,P5S2T2,1.8105263157894735,Endophyte-Plant Pathogen
Endophyte-Plant Pathogen,SINGLE MICOP,P1S1T1,1.089070400622326,Endophyte-Plant Pathogen
Endophyte-Plant Pathogen,SINGLE MICOP,P4S1T1,1.8217821782178216,Endophyte-Plant Pathogen
Endophyte-Plant Pathogen,SINGLE MICOP,P1S1T2,1.474010861132661,Endophyte-Plant Pathogen
Endophyte-Plant Pathogen,SINGLE MICOP,P2S2T1,2.5373810602628004,Endophyte-Plant Pathogen
Endophyte-Plant Pathogen,SINGLE MICOP,P4S1T2,1.7173524150268336,Endophyte-Plant Pathogen
Endophyte-Plant Pathogen,SINGLE MICOP,P6S1T2,38.76572798082684,Endophyte-Plant Pathogen
Endophyte-Plant Pathogen,SINGLE MICOP,P1S1T3,1.0842557036367744,Endophyte-Plant Pathogen
Endophyte-Plant Pathogen,SINGLE MICOP,P4S2T3,1.6173434273916036,Endophyte-Plant Pathogen
Endophyte-Plant Pathogen,SINGLE MICOP,P2S2T2,2.5411061285500747,Endophyte-Plant Pathogen
Endophyte-Plant Pathogen,SINGLE MICOP,P4S2T2,1.4167650531286895,Endophyte-Plant Pathogen
Endophyte-Plant Pathogen,SINGLE MICOP,P2S2T3,1.4910536779324055,Endophyte-Plant Pathogen
Endophyte-Plant Pathogen,SINGLE MICOP,P5S1T1,26.8762677484787,Endophyte-Plant Pathogen
Endophyte-Plant Pathogen,SINGLE MICOP,P1S2T2,1.412566975158305,Endophyte-Plant Pathogen
Endophyte-Plant Pathogen,SINGLE MICOP,P3S1T1,1.6042780748663104,Endophyte-Plant Pathogen
Endophyte-Plant Pathogen,SINGLE MICOP,P5S1T2,2.6955602536997887,Endophyte-Plant Pathogen
Endophyte-Plant Pathogen,SINGLE MICOP,P6S2T2,4.216867469879518,Endophyte-Plant Pathogen
Endophyte-Plant Pathogen,SINGLE MICOP,P3S1T2,22.62773722627737,Endophyte-Plant Pathogen
Endophyte-Plant Pathogen,SINGLE MICOP,P3S2T1,4.236827810972297,Endophyte-Plant Pathogen
Endophyte-Plant Pathogen,SINGLE MICOP,P2S1T1,2.284843869002285,Endophyte-Plant Pathogen
Endophyte-Plant Pathogen,SINGLE MICOP,P3S2T3,1.0719754977029097,Endophyte-Plant Pathogen
Endophyte-Plant Pathogen,SINGLE MICOP,P4S1T3,2.8169014084507045,Endophyte-Plant Pathogen
Endophyte-Plant Pathogen,SINGLE MICOP,P2S1T3,4.029304029304029,Endophyte-Plant Pathogen
Endophyte-Plant Pathogen,SINGLE MICOP,P5S2T3,2.650469353948095,Endophyte-Plant Pathogen
Endophyte-Plant Pathogen,SINGLE MICOP,P4S2T1,1.238615664845173,Endophyte-Plant Pathogen
Endophyte-Plant Pathogen,SINGLE MICOP,P6S1T3,2.1372328458942635,Endophyte-Plant Pathogen
Endophyte-Plant Pathogen,SINGLE MICOP,P6S1T1,1.0384215991692627,Endophyte-Plant Pathogen
Plant Pathogen,SINGLE MICOP,P5S1T3,8.039303260384099,Plant Pathogen
Plant Pathogen,SINGLE MICOP,P2S1T2,12.45762711864407,Plant Pathogen
Plant Pathogen,SINGLE MICOP,P3S1T3,9.707064905226881,Plant Pathogen
Plant Pathogen,SINGLE MICOP,P6S2T3,3.2575291948371237,Plant Pathogen
Plant Pathogen,SINGLE MICOP,P1S2T3,7.292307692307692,Plant Pathogen
Plant Pathogen,SINGLE MICOP,P3S2T2,11.168448212311095,Plant Pathogen
Plant Pathogen,SINGLE MICOP,P5S2T1,8.635312259059367,Plant Pathogen
Plant Pathogen,SINGLE MICOP,P5S2T2,7.1157894736842104,Plant Pathogen
Plant Pathogen,SINGLE MICOP,P1S1T1,7.078957604045119,Plant Pathogen
Plant Pathogen,SINGLE MICOP,P4S1T1,11.801980198019802,Plant Pathogen
Plant Pathogen,SINGLE MICOP,P1S1T2,6.400310318076027,Plant Pathogen
Plant Pathogen,SINGLE MICOP,P2S2T1,9.424558223833259,Plant Pathogen
Plant Pathogen,SINGLE MICOP,P4S1T2,11.019677996422182,Plant Pathogen
Plant Pathogen,SINGLE MICOP,P6S1T2,8.208508088675853,Plant Pathogen
Plant Pathogen,SINGLE MICOP,P1S1T3,7.9963858143212105,Plant Pathogen
Plant Pathogen,SINGLE MICOP,P4S2T3,15.485203028217482,Plant Pathogen
Plant Pathogen,SINGLE MICOP,P2S2T2,7.274539113104135,Plant Pathogen
Plant Pathogen,SINGLE MICOP,P4S2T2,10.979929161747345,Plant Pathogen
Plant Pathogen,SINGLE MICOP,P1S2T1,7.730364873222016,Plant Pathogen
Plant Pathogen,SINGLE MICOP,P2S2T3,13.518886679920477,Plant Pathogen
Plant Pathogen,SINGLE MICOP,P5S1T1,3.7525354969574036,Plant Pathogen
Plant Pathogen,SINGLE MICOP,P1S2T2,7.598636142230881,Plant Pathogen
Plant Pathogen,SINGLE MICOP,P3S1T1,9.358288770053475,Plant Pathogen
Plant Pathogen,SINGLE MICOP,P5S1T2,3.5940803382663846,Plant Pathogen
Plant Pathogen,SINGLE MICOP,P6S2T2,4.647160068846816,Plant Pathogen
Plant Pathogen,SINGLE MICOP,P3S1T2,9.014598540145984,Plant Pathogen
Plant Pathogen,SINGLE MICOP,P3S2T1,13.199348180336774,Plant Pathogen
Plant Pathogen,SINGLE MICOP,P2S1T1,11.348057882711348,Plant Pathogen
Plant Pathogen,SINGLE MICOP,P3S2T3,9.341500765696784,Plant Pathogen
Plant Pathogen,SINGLE MICOP,P4S1T3,7.922535211267606,Plant Pathogen
Plant Pathogen,SINGLE MICOP,P2S1T3,9.523809523809524,Plant Pathogen
Plant Pathogen,SINGLE MICOP,P5S2T3,5.687465488680287,Plant Pathogen
Plant Pathogen,SINGLE MICOP,P4S2T1,8.597449908925318,Plant Pathogen
Plant Pathogen,SINGLE MICOP,P6S1T3,8.886389201349832,Plant Pathogen
Plant Pathogen,SINGLE MICOP,P6S1T1,12.2533748701973,Plant Pathogen
Plant Pathogen,SINGLE MICOP,P6S2T1,7.435508345978755,Plant Pathogen
Plant Pathogen-Wood Saprotroph,SINGLE MICOP,P5S1T3,2.992407324698526,Plant Pathogen-Wood Saprotroph
Plant Pathogen-Wood Saprotroph,SINGLE MICOP,P3S1T3,2.527283170591614,Plant Pathogen-Wood Saprotroph
Plant Pathogen-Wood Saprotroph,SINGLE MICOP,P6S2T3,2.2741241548862936,Plant Pathogen-Wood Saprotroph
Plant Pathogen-Wood Saprotroph,SINGLE MICOP,P1S2T3,2.2769230769230773,Plant Pathogen-Wood Saprotroph
Plant Pathogen-Wood Saprotroph,SINGLE MICOP,P3S2T2,2.1378547733136752,Plant Pathogen-Wood Saprotroph
Plant Pathogen-Wood Saprotroph,SINGLE MICOP,P5S2T1,4.086353122590594,Plant Pathogen-Wood Saprotroph
Plant Pathogen-Wood Saprotroph,SINGLE MICOP,P5S2T2,3.536842105263158,Plant Pathogen-Wood Saprotroph
Plant Pathogen-Wood Saprotroph,SINGLE MICOP,P1S1T1,3.5005834305717616,Plant Pathogen-Wood Saprotroph
Plant Pathogen-Wood Saprotroph,SINGLE MICOP,P4S1T1,2.613861386138614,Plant Pathogen-Wood Saprotroph
Plant Pathogen-Wood Saprotroph,SINGLE MICOP,P1S1T2,1.7455391776570985,Plant Pathogen-Wood Saprotroph
Plant Pathogen-Wood Saprotroph,SINGLE MICOP,P2S2T1,3.1717263253284997,Plant Pathogen-Wood Saprotroph
Plant Pathogen-Wood Saprotroph,SINGLE MICOP,P4S1T2,3.7567084078711988,Plant Pathogen-Wood Saprotroph
Plant Pathogen-Wood Saprotroph,SINGLE MICOP,P6S1T2,1.1983223487118035,Plant Pathogen-Wood Saprotroph
Plant Pathogen-Wood Saprotroph,SINGLE MICOP,P1S1T3,2.349220691213011,Plant Pathogen-Wood Saprotroph
Plant Pathogen-Wood Saprotroph,SINGLE MICOP,P2S2T2,2.042850024912805,Plant Pathogen-Wood Saprotroph
Plant Pathogen-Wood Saprotroph,SINGLE MICOP,P4S2T2,2.1841794569067297,Plant Pathogen-Wood Saprotroph
Plant Pathogen-Wood Saprotroph,SINGLE MICOP,P1S2T1,2.0408163265306123,Plant Pathogen-Wood Saprotroph
Plant Pathogen-Wood Saprotroph,SINGLE MICOP,P2S2T3,2.8330019880715707,Plant Pathogen-Wood Saprotroph
Plant Pathogen-Wood Saprotroph,SINGLE MICOP,P5S1T1,2.383367139959432,Plant Pathogen-Wood Saprotroph
Plant Pathogen-Wood Saprotroph,SINGLE MICOP,P1S2T2,2.4354603019970775,Plant Pathogen-Wood Saprotroph
Plant Pathogen-Wood Saprotroph,SINGLE MICOP,P3S1T1,3.8101604278074865,Plant Pathogen-Wood Saprotroph
Plant Pathogen-Wood Saprotroph,SINGLE MICOP,P5S1T2,2.8012684989429175,Plant Pathogen-Wood Saprotroph
Plant Pathogen-Wood Saprotroph,SINGLE MICOP,P6S2T2,2.667814113597246,Plant Pathogen-Wood Saprotroph
Plant Pathogen-Wood Saprotroph,SINGLE MICOP,P3S1T2,1.6058394160583942,Plant Pathogen-Wood Saprotroph
Plant Pathogen-Wood Saprotroph,SINGLE MICOP,P3S2T1,1.520912547528517,Plant Pathogen-Wood Saprotroph
Plant Pathogen-Wood Saprotroph,SINGLE MICOP,P2S1T1,2.6656511805026657,Plant Pathogen-Wood Saprotroph
Plant Pathogen-Wood Saprotroph,SINGLE MICOP,P3S2T3,2.8483920367534457,Plant Pathogen-Wood Saprotroph
Plant Pathogen-Wood Saprotroph,SINGLE MICOP,P4S1T3,1.056338028169014,Plant Pathogen-Wood Saprotroph
Plant Pathogen-Wood Saprotroph,SINGLE MICOP,P2S1T3,2.258852258852259,Plant Pathogen-Wood Saprotroph
Plant Pathogen-Wood Saprotroph,SINGLE MICOP,P5S2T3,4.638321369409166,Plant Pathogen-Wood Saprotroph
Plant Pathogen-Wood Saprotroph,SINGLE MICOP,P4S2T1,3.1329690346083785,Plant Pathogen-Wood Saprotroph
Plant Pathogen-Wood Saprotroph,SINGLE MICOP,P6S1T3,3.937007874015748,Plant Pathogen-Wood Saprotroph
Plant Pathogen-Wood Saprotroph,SINGLE MICOP,P6S2T1,2.2003034901365703,Plant Pathogen-Wood Saprotroph
Undefined Saprotroph,SINGLE MICOP,P5S1T3,15.497990174184903,Undefined Saprotroph
Undefined Saprotroph,SINGLE MICOP,P2S1T2,19.491525423728813,Undefined Saprotroph
Undefined Saprotroph,SINGLE MICOP,P3S1T3,16.65709362435382,Undefined Saprotroph
Undefined Saprotroph,SINGLE MICOP,P6S2T3,14.32083589428396,Undefined Saprotroph
Undefined Saprotroph,SINGLE MICOP,P1S2T3,19.323076923076922,Undefined Saprotroph
Undefined Saprotroph,SINGLE MICOP,P3S2T2,17.766310357537783,Undefined Saprotroph
Undefined Saprotroph,SINGLE MICOP,P5S2T1,19.198149575944488,Undefined Saprotroph
Undefined Saprotroph,SINGLE MICOP,P5S2T2,16,Undefined Saprotroph
Undefined Saprotroph,SINGLE MICOP,P1S1T1,17.93076623881758,Undefined Saprotroph
Undefined Saprotroph,SINGLE MICOP,P4S1T1,13.980198019801982,Undefined Saprotroph
Undefined Saprotroph,SINGLE MICOP,P1S1T2,21.17920868890613,Undefined Saprotroph
Undefined Saprotroph,SINGLE MICOP,P2S2T1,21.15994562754871,Undefined Saprotroph
Undefined Saprotroph,SINGLE MICOP,P4S1T2,13.30948121645796,Undefined Saprotroph
Undefined Saprotroph,SINGLE MICOP,P6S1T2,13.061713600958658,Undefined Saprotroph
Undefined Saprotroph,SINGLE MICOP,P1S1T3,15.021459227467812,Undefined Saprotroph
Undefined Saprotroph,SINGLE MICOP,P4S2T3,17.240192704748797,Undefined Saprotroph
Undefined Saprotroph,SINGLE MICOP,P2S2T2,19.48181365221724,Undefined Saprotroph
Undefined Saprotroph,SINGLE MICOP,P4S2T2,13.636363636363635,Undefined Saprotroph
Undefined Saprotroph,SINGLE MICOP,P1S2T1,14.996907854050711,Undefined Saprotroph
Undefined Saprotroph,SINGLE MICOP,P2S2T3,16.69980119284294,Undefined Saprotroph
Undefined Saprotroph,SINGLE MICOP,P5S1T1,19.624746450304258,Undefined Saprotroph
Undefined Saprotroph,SINGLE MICOP,P1S2T2,15.294690696541647,Undefined Saprotroph
Undefined Saprotroph,SINGLE MICOP,P3S1T1,12.70053475935829,Undefined Saprotroph
Undefined Saprotroph,SINGLE MICOP,P5S1T2,19.397463002114165,Undefined Saprotroph
Undefined Saprotroph,SINGLE MICOP,P6S2T2,33.56282271944922,Undefined Saprotroph
Undefined Saprotroph,SINGLE MICOP,P3S1T2,11.824817518248175,Undefined Saprotroph
Undefined Saprotroph,SINGLE MICOP,P3S2T1,17.381857686040195,Undefined Saprotroph
Undefined Saprotroph,SINGLE MICOP,P2S1T1,9.13937547600914,Undefined Saprotroph
Undefined Saprotroph,SINGLE MICOP,P3S2T3,15.191424196018378,Undefined Saprotroph
Undefined Saprotroph,SINGLE MICOP,P4S1T3,17.48826291079812,Undefined Saprotroph
Undefined Saprotroph,SINGLE MICOP,P2S1T3,22.1001221001221,Undefined Saprotroph
Undefined Saprotroph,SINGLE MICOP,P5S2T3,15.405853119823302,Undefined Saprotroph
Undefined Saprotroph,SINGLE MICOP,P4S2T1,16.502732240437158,Undefined Saprotroph
Undefined Saprotroph,SINGLE MICOP,P6S1T3,9.786276715410573,Undefined Saprotroph
Undefined Saprotroph,SINGLE MICOP,P6S1T1,18.1723779854621,Undefined Saprotroph
Undefined Saprotroph,SINGLE MICOP,P6S2T1,15.098634294385432,Undefined Saprotroph
Wood Saprotroph,SINGLE MICOP,P5S1T3,32.82715497990174,Wood Saprotroph
Wood Saprotroph,SINGLE MICOP,P2S1T2,12.245762711864407,Wood Saprotroph
Wood Saprotroph,SINGLE MICOP,P3S1T3,21.76909821941413,Wood Saprotroph
Wood Saprotroph,SINGLE MICOP,P6S2T3,28.610940381069454,Wood Saprotroph
Wood Saprotroph,SINGLE MICOP,P1S2T3,30.36923076923077,Wood Saprotroph
Wood Saprotroph,SINGLE MICOP,P3S2T2,26.244010320678218,Wood Saprotroph
Wood Saprotroph,SINGLE MICOP,P5S2T1,35.851966075558984,Wood Saprotroph
Wood Saprotroph,SINGLE MICOP,P5S2T2,31.957894736842107,Wood Saprotroph
Wood Saprotroph,SINGLE MICOP,P1S1T1,26.33216647218981,Wood Saprotroph
Wood Saprotroph,SINGLE MICOP,P4S1T1,26.732673267326735,Wood Saprotroph
Wood Saprotroph,SINGLE MICOP,P1S1T2,29.596586501163692,Wood Saprotroph
Wood Saprotroph,SINGLE MICOP,P2S2T1,23.10829179882193,Wood Saprotroph
Wood Saprotroph,SINGLE MICOP,P4S1T2,25.617173524150267,Wood Saprotroph
Wood Saprotroph,SINGLE MICOP,P6S1T2,17.61533852606351,Wood Saprotroph
Wood Saprotroph,SINGLE MICOP,P1S1T3,31.081996837587532,Wood Saprotroph
Wood Saprotroph,SINGLE MICOP,P4S2T3,15.898141775636615,Wood Saprotroph
Wood Saprotroph,SINGLE MICOP,P2S2T2,26.65670154459392,Wood Saprotroph
Wood Saprotroph,SINGLE MICOP,P4S2T2,27.33175914994097,Wood Saprotroph
Wood Saprotroph,SINGLE MICOP,P1S2T1,38.961038961038966,Wood Saprotroph
Wood Saprotroph,SINGLE MICOP,P2S2T3,22.266401590457257,Wood Saprotroph
Wood Saprotroph,SINGLE MICOP,P5S1T1,27.89046653144016,Wood Saprotroph
Wood Saprotroph,SINGLE MICOP,P1S2T2,22.990745250852413,Wood Saprotroph
Wood Saprotroph,SINGLE MICOP,P3S1T1,37.36631016042781,Wood Saprotroph
Wood Saprotroph,SINGLE MICOP,P5S1T2,39.904862579281186,Wood Saprotroph
Wood Saprotroph,SINGLE MICOP,P6S2T2,31.153184165232357,Wood Saprotroph
Wood Saprotroph,SINGLE MICOP,P3S1T2,15.474452554744525,Wood Saprotroph
Wood Saprotroph,SINGLE MICOP,P3S2T1,21.944595328625745,Wood Saprotroph
Wood Saprotroph,SINGLE MICOP,P2S1T1,24.98095963442498,Wood Saprotroph
Wood Saprotroph,SINGLE MICOP,P3S2T3,32.98621745788668,Wood Saprotroph
Wood Saprotroph,SINGLE MICOP,P4S1T3,28.69718309859155,Wood Saprotroph
Wood Saprotroph,SINGLE MICOP,P2S1T3,13.797313797313798,Wood Saprotroph
Wood Saprotroph,SINGLE MICOP,P5S2T3,41.30314743235781,Wood Saprotroph
Wood Saprotroph,SINGLE MICOP,P4S2T1,32.240437158469945,Wood Saprotroph
Wood Saprotroph,SINGLE MICOP,P6S1T3,30.371203599550057,Wood Saprotroph
Wood Saprotroph,SINGLE MICOP,P6S1T1,39.875389408099686,Wood Saprotroph
Wood Saprotroph,SINGLE MICOP,P6S2T1,41.047040971168435,Wood Saprotroph
Animal Pathogen,PAIRED MICOP,P6S2T3,1.1978740801308259,Animal Pathogen
Animal Pathogen,PAIRED MICOP,P1S2T3,2.7761599689380705,Animal Pathogen
Animal Pathogen,PAIRED MICOP,P5S2T2,1.094703498392882,Animal Pathogen
Animal Pathogen,PAIRED MICOP,P1S1T3,1.1003058941697486,Animal Pathogen
Animal Pathogen,PAIRED MICOP,P2S2T2,1.1397423191278493,Animal Pathogen
Animal Pathogen,PAIRED MICOP,P4S2T1,1.0884562317951862,Animal Pathogen
Dung Saprotroph-Undefined Saprotroph-Wood Saprotroph,PAIRED MICOP,P5S1T3,1.4449531650354939,Undefined Saprotroph
Dung Saprotroph-Undefined Saprotroph-Wood Saprotroph,PAIRED MICOP,P2S1T2,1.7006557613317,Undefined Saprotroph
Dung Saprotroph-Undefined Saprotroph-Wood Saprotroph,PAIRED MICOP,P3S1T3,1.98185200653024,Undefined Saprotroph
Dung Saprotroph-Undefined Saprotroph-Wood Saprotroph,PAIRED MICOP,P1S2T3,2.9314696175499906,Undefined Saprotroph
Dung Saprotroph-Undefined Saprotroph-Wood Saprotroph,PAIRED MICOP,P3S2T2,1.9081767227167823,Undefined Saprotroph
Dung Saprotroph-Undefined Saprotroph-Wood Saprotroph,PAIRED MICOP,P5S2T1,1.4916931778013434,Undefined Saprotroph
Dung Saprotroph-Undefined Saprotroph-Wood Saprotroph,PAIRED MICOP,P5S2T2,1.518609959472679,Undefined Saprotroph
Dung Saprotroph-Undefined Saprotroph-Wood Saprotroph,PAIRED MICOP,P1S1T1,4.126846220677671,Undefined Saprotroph
Dung Saprotroph-Undefined Saprotroph-Wood Saprotroph,PAIRED MICOP,P4S1T1,1.424729914610558,Undefined Saprotroph
Dung Saprotroph-Undefined Saprotroph-Wood Saprotroph,PAIRED MICOP,P1S1T2,3.0231362467866325,Undefined Saprotroph
Dung Saprotroph-Undefined Saprotroph-Wood Saprotroph,PAIRED MICOP,P2S2T1,3.0639165367550065,Undefined Saprotroph
Dung Saprotroph-Undefined Saprotroph-Wood Saprotroph,PAIRED MICOP,P4S1T2,2.391402436523237,Undefined Saprotroph
Dung Saprotroph-Undefined Saprotroph-Wood Saprotroph,PAIRED MICOP,P1S1T3,4.574715792357211,Undefined Saprotroph
Dung Saprotroph-Undefined Saprotroph-Wood Saprotroph,PAIRED MICOP,P4S2T3,1.9097859837734967,Undefined Saprotroph
Dung Saprotroph-Undefined Saprotroph-Wood Saprotroph,PAIRED MICOP,P2S2T2,2.2629666336306573,Undefined Saprotroph
Dung Saprotroph-Undefined Saprotroph-Wood Saprotroph,PAIRED MICOP,P1S2T1,1.3346412990164442,Undefined Saprotroph
Dung Saprotroph-Undefined Saprotroph-Wood Saprotroph,PAIRED MICOP,P2S2T3,1.8928487137125325,Undefined Saprotroph
Dung Saprotroph-Undefined Saprotroph-Wood Saprotroph,PAIRED MICOP,P1S2T2,4.6680197158596695,Undefined Saprotroph
Dung Saprotroph-Undefined Saprotroph-Wood Saprotroph,PAIRED MICOP,P5S1T2,1.03423358323548,Undefined Saprotroph
Dung Saprotroph-Undefined Saprotroph-Wood Saprotroph,PAIRED MICOP,P3S1T2,1.985423473234481,Undefined Saprotroph
Dung Saprotroph-Undefined Saprotroph-Wood Saprotroph,PAIRED MICOP,P3S2T1,1.1021766255372245,Undefined Saprotroph
Dung Saprotroph-Undefined Saprotroph-Wood Saprotroph,PAIRED MICOP,P2S1T1,1.198019801980198,Undefined Saprotroph
Dung Saprotroph-Undefined Saprotroph-Wood Saprotroph,PAIRED MICOP,P3S2T3,1.405134437186693,Undefined Saprotroph
Dung Saprotroph-Undefined Saprotroph-Wood Saprotroph,PAIRED MICOP,P4S1T3,1.1552440290758048,Undefined Saprotroph
Dung Saprotroph-Undefined Saprotroph-Wood Saprotroph,PAIRED MICOP,P2S1T3,2.4032825322391558,Undefined Saprotroph
Dung Saprotroph-Undefined Saprotroph-Wood Saprotroph,PAIRED MICOP,P5S2T3,1.062337993455998,Undefined Saprotroph
Dung Saprotroph-Undefined Saprotroph-Wood Saprotroph,PAIRED MICOP,P4S2T1,1.788543103888804,Undefined Saprotroph
Dung Saprotroph-Wood Saprotroph,PAIRED MICOP,P2S1T2,1.0160697557108884,Dung Saprotroph-Wood Saprotroph
Dung Saprotroph-Wood Saprotroph,PAIRED MICOP,P1S2T3,1.4657348087749953,Dung Saprotroph-Wood Saprotroph
Dung Saprotroph-Wood Saprotroph,PAIRED MICOP,P2S2T1,1.5409521525362755,Dung Saprotroph-Wood Saprotroph
Dung Saprotroph-Wood Saprotroph,PAIRED MICOP,P2S1T3,1.0668229777256741,Dung Saprotroph-Wood Saprotroph
Ectomycorrhizal,PAIRED MICOP,P6S2T3,7.432542927228128,Ectomycorrhizal
Ectomycorrhizal,PAIRED MICOP,P1S2T3,7.581052222869346,Ectomycorrhizal
Ectomycorrhizal,PAIRED MICOP,P3S2T2,1.2281569403231125,Ectomycorrhizal
Ectomycorrhizal,PAIRED MICOP,P5S2T1,1.1876988335100742,Ectomycorrhizal
Ectomycorrhizal,PAIRED MICOP,P5S2T2,1.2717193832393907,Ectomycorrhizal
Ectomycorrhizal,PAIRED MICOP,P1S1T1,1.1891833188531713,Ectomycorrhizal
Ectomycorrhizal,PAIRED MICOP,P4S1T1,1.2265886682077654,Ectomycorrhizal
Ectomycorrhizal,PAIRED MICOP,P1S1T2,1.7275064267352185,Ectomycorrhizal
Ectomycorrhizal,PAIRED MICOP,P2S2T1,2.6442019426789782,Ectomycorrhizal
Ectomycorrhizal,PAIRED MICOP,P4S1T2,1.287993765125723,Ectomycorrhizal
Ectomycorrhizal,PAIRED MICOP,P1S1T3,4.551887869241657,Ectomycorrhizal
Ectomycorrhizal,PAIRED MICOP,P1S2T1,1.0893977334331517,Ectomycorrhizal
Ectomycorrhizal,PAIRED MICOP,P2S2T3,1.2556053811659191,Ectomycorrhizal
Ectomycorrhizal,PAIRED MICOP,P5S1T1,1.5875912408759123,Ectomycorrhizal
Ectomycorrhizal,PAIRED MICOP,P1S2T2,2.7471730936503334,Ectomycorrhizal
Ectomycorrhizal,PAIRED MICOP,P5S1T2,1.418119411073977,Ectomycorrhizal
Ectomycorrhizal,PAIRED MICOP,P3S2T3,1.5570408628284977,Ectomycorrhizal
Ectomycorrhizal,PAIRED MICOP,P5S2T3,1.05383928950835,Ectomycorrhizal
Ectomycorrhizal,PAIRED MICOP,P4S2T1,1.788543103888804,Ectomycorrhizal
Endophyte-Plant Pathogen,PAIRED MICOP,P1S2T3,2.0190254319549603,Endophyte-Plant Pathogen
Endophyte-Plant Pathogen,PAIRED MICOP,P2S2T1,1.4570092337210696,Endophyte-Plant Pathogen
Endophyte-Plant Pathogen,PAIRED MICOP,P6S1T2,1.0640792636454242,Endophyte-Plant Pathogen
Endophyte-Plant Pathogen,PAIRED MICOP,P4S2T3,1.1318486861874395,Endophyte-Plant Pathogen
Endophyte-Plant Pathogen,PAIRED MICOP,P2S2T2,1.0736703006276842,Endophyte-Plant Pathogen
Endophyte-Plant Pathogen,PAIRED MICOP,P5S1T1,1.0812043795620438,Endophyte-Plant Pathogen
Endophyte-Plant Pathogen,PAIRED MICOP,P1S2T2,1.3192229631777326,Endophyte-Plant Pathogen
Endophyte-Plant Pathogen,PAIRED MICOP,P3S1T1,1.0116282266267147,Endophyte-Plant Pathogen
Endophyte-Plant Pathogen,PAIRED MICOP,P5S1T2,1.1245596603739498,Endophyte-Plant Pathogen
Endophyte-Plant Pathogen,PAIRED MICOP,P3S1T2,1.034598307782525,Endophyte-Plant Pathogen
Endophyte-Plant Pathogen,PAIRED MICOP,P3S2T1,1.7191182586995701,Endophyte-Plant Pathogen
Endophyte-Plant Pathogen,PAIRED MICOP,P2S1T1,1.6386138613861387,Endophyte-Plant Pathogen
Plant Pathogen,PAIRED MICOP,P5S1T3,1.6045700844289494,Plant Pathogen
Plant Pathogen,PAIRED MICOP,P2S1T2,2.226706060387692,Plant Pathogen
Plant Pathogen,PAIRED MICOP,P3S1T3,1.2680815520710733,Plant Pathogen
Plant Pathogen,PAIRED MICOP,P6S2T3,1.054783319705642,Plant Pathogen
Plant Pathogen,PAIRED MICOP,P1S2T3,4.571927781013396,Plant Pathogen
Plant Pathogen,PAIRED MICOP,P3S2T2,2.1183646554566433,Plant Pathogen
Plant Pathogen,PAIRED MICOP,P5S2T1,1.3856486390950866,Plant Pathogen
Plant Pathogen,PAIRED MICOP,P5S2T2,1.569851399822984,Plant Pathogen
Plant Pathogen,PAIRED MICOP,P1S1T1,1.4335360556038228,Plant Pathogen
Plant Pathogen,PAIRED MICOP,P4S1T1,2.2503184412888615,Plant Pathogen
Plant Pathogen,PAIRED MICOP,P1S1T2,1.717223650385604,Plant Pathogen
Plant Pathogen,PAIRED MICOP,P2S2T1,1.7927809089818922,Plant Pathogen
Plant Pathogen,PAIRED MICOP,P4S1T2,2.0263341400385575,Plant Pathogen
Plant Pathogen,PAIRED MICOP,P1S1T3,2.684563758389262,Plant Pathogen
Plant Pathogen,PAIRED MICOP,P4S2T3,2.507428800373944,Plant Pathogen
Plant Pathogen,PAIRED MICOP,P2S2T2,1.5471864332122012,Plant Pathogen
Plant Pathogen,PAIRED MICOP,P4S2T2,1.22275743591471,Plant Pathogen
Plant Pathogen,PAIRED MICOP,P1S2T1,1.0222784417998296,Plant Pathogen
Plant Pathogen,PAIRED MICOP,P2S2T3,2.2327118244040594,Plant Pathogen
Plant Pathogen,PAIRED MICOP,P5S1T1,1.1177007299270074,Plant Pathogen
Plant Pathogen,PAIRED MICOP,P1S2T2,2.1310524789794143,Plant Pathogen
Plant Pathogen,PAIRED MICOP,P3S1T2,2.0566306442154647,Plant Pathogen
Plant Pathogen,PAIRED MICOP,P3S2T1,1.583945653680854,Plant Pathogen
Plant Pathogen,PAIRED MICOP,P2S1T1,1.405940594059406,Plant Pathogen
Plant Pathogen,PAIRED MICOP,P3S2T3,2.2102384930882577,Plant Pathogen
Plant Pathogen,PAIRED MICOP,P4S1T3,1.1682242990654206,Plant Pathogen
Plant Pathogen,PAIRED MICOP,P2S1T3,1.887456037514654,Plant Pathogen
Plant Pathogen,PAIRED MICOP,P5S2T3,1.1260782730633578,Plant Pathogen
Plant Pathogen,PAIRED MICOP,P4S2T1,2.437528744442741,Plant Pathogen
Plant Pathogen-Wood Saprotroph,PAIRED MICOP,P5S1T3,85.47906078044272,Plant Pathogen-Wood Saprotroph
Plant Pathogen-Wood Saprotroph,PAIRED MICOP,P2S1T2,85.9407652950926,Plant Pathogen-Wood Saprotroph
Plant Pathogen-Wood Saprotroph,PAIRED MICOP,P3S1T3,90.14768973765139,Plant Pathogen-Wood Saprotroph
Plant Pathogen-Wood Saprotroph,PAIRED MICOP,P6S2T3,80.53556827473426,Plant Pathogen-Wood Saprotroph
Plant Pathogen-Wood Saprotroph,PAIRED MICOP,P1S2T3,52.35876528829354,Plant Pathogen-Wood Saprotroph
Plant Pathogen-Wood Saprotroph,PAIRED MICOP,P3S2T2,82.85113748763601,Plant Pathogen-Wood Saprotroph
Plant Pathogen-Wood Saprotroph,PAIRED MICOP,P5S2T1,84.90632732414281,Plant Pathogen-Wood Saprotroph
Plant Pathogen-Wood Saprotroph,PAIRED MICOP,P5S2T2,82.78753435505661,Plant Pathogen-Wood Saprotroph
Plant Pathogen-Wood Saprotroph,PAIRED MICOP,P1S1T1,79.88162467419635,Plant Pathogen-Wood Saprotroph
Plant Pathogen-Wood Saprotroph,PAIRED MICOP,P4S1T1,82.4314761522857,Plant Pathogen-Wood Saprotroph
Plant Pathogen-Wood Saprotroph,PAIRED MICOP,P1S1T2,80.4987146529563,Plant Pathogen-Wood Saprotroph
Plant Pathogen-Wood Saprotroph,PAIRED MICOP,P2S2T1,78.68449454371029,Plant Pathogen-Wood Saprotroph
Plant Pathogen-Wood Saprotroph,PAIRED MICOP,P4S1T2,82.23881209237459,Plant Pathogen-Wood Saprotroph
Plant Pathogen-Wood Saprotroph,PAIRED MICOP,P6S1T2,94.06108928885502,Plant Pathogen-Wood Saprotroph
Plant Pathogen-Wood Saprotroph,PAIRED MICOP,P1S1T3,70.09998630324613,Plant Pathogen-Wood Saprotroph
Plant Pathogen-Wood Saprotroph,PAIRED MICOP,P4S2T3,84.21755534038931,Plant Pathogen-Wood Saprotroph
Plant Pathogen-Wood Saprotroph,PAIRED MICOP,P2S2T2,82.22112102191389,Plant Pathogen-Wood Saprotroph
Plant Pathogen-Wood Saprotroph,PAIRED MICOP,P4S2T2,91.80112507158015,Plant Pathogen-Wood Saprotroph
Plant Pathogen-Wood Saprotroph,PAIRED MICOP,P1S2T1,87.73265869840205,Plant Pathogen-Wood Saprotroph
Plant Pathogen-Wood Saprotroph,PAIRED MICOP,P2S2T3,84.79112579655417,Plant Pathogen-Wood Saprotroph
Plant Pathogen-Wood Saprotroph,PAIRED MICOP,P5S1T1,88.16605839416059,Plant Pathogen-Wood Saprotroph
Plant Pathogen-Wood Saprotroph,PAIRED MICOP,P1S2T2,76.37721078573499,Plant Pathogen-Wood Saprotroph
Plant Pathogen-Wood Saprotroph,PAIRED MICOP,P3S1T1,92.62171152101602,Plant Pathogen-Wood Saprotroph
Plant Pathogen-Wood Saprotroph,PAIRED MICOP,P5S1T2,86.10784933610334,Plant Pathogen-Wood Saprotroph
Plant Pathogen-Wood Saprotroph,PAIRED MICOP,P6S2T2,91.02090422946037,Plant Pathogen-Wood Saprotroph
Plant Pathogen-Wood Saprotroph,PAIRED MICOP,P3S1T2,85.29781352098517,Plant Pathogen-Wood Saprotroph
Plant Pathogen-Wood Saprotroph,PAIRED MICOP,P3S2T1,87.84139747677804,Plant Pathogen-Wood Saprotroph
Plant Pathogen-Wood Saprotroph,PAIRED MICOP,P2S1T1,88.43069306930693,Plant Pathogen-Wood Saprotroph
Plant Pathogen-Wood Saprotroph,PAIRED MICOP,P3S2T3,80.96232720644083,Plant Pathogen-Wood Saprotroph
Plant Pathogen-Wood Saprotroph,PAIRED MICOP,P4S1T3,88.03651782623744,Plant Pathogen-Wood Saprotroph
Plant Pathogen-Wood Saprotroph,PAIRED MICOP,P2S1T3,84.57209847596717,Plant Pathogen-Wood Saprotroph
Plant Pathogen-Wood Saprotroph,PAIRED MICOP,P5S2T3,87.58764288446011,Plant Pathogen-Wood Saprotroph
Plant Pathogen-Wood Saprotroph,PAIRED MICOP,P4S2T1,78.75721804895498,Plant Pathogen-Wood Saprotroph
Plant Pathogen-Wood Saprotroph,PAIRED MICOP,P6S1T3,95.4819016903274,Plant Pathogen-Wood Saprotroph
Plant Pathogen-Wood Saprotroph,PAIRED MICOP,P6S1T1,93.36294002607562,Plant Pathogen-Wood Saprotroph
Plant Pathogen-Wood Saprotroph,PAIRED MICOP,P6S2T1,91.8711413645718,Plant Pathogen-Wood Saprotroph
Undefined Saprotroph,PAIRED MICOP,P5S1T3,2.755492082160709,Undefined Saprotroph
Undefined Saprotroph,PAIRED MICOP,P2S1T2,2.2231029761475822,Undefined Saprotroph
Undefined Saprotroph,PAIRED MICOP,P3S1T3,1.7464596226128555,Undefined Saprotroph
Undefined Saprotroph,PAIRED MICOP,P6S2T3,3.8798037612428455,Undefined Saprotroph
Undefined Saprotroph,PAIRED MICOP,P1S2T3,8.842943117841195,Undefined Saprotroph
Undefined Saprotroph,PAIRED MICOP,P3S2T2,3.15694032311243,Undefined Saprotroph
Undefined Saprotroph,PAIRED MICOP,P5S2T1,2.8419936373276777,Undefined Saprotroph
Undefined Saprotroph,PAIRED MICOP,P5S2T2,3.936274281455257,Undefined Saprotroph
Undefined Saprotroph,PAIRED MICOP,P1S1T1,3.725021720243267,Undefined Saprotroph
Undefined Saprotroph,PAIRED MICOP,P4S1T1,3.321224701608718,Undefined Saprotroph
Undefined Saprotroph,PAIRED MICOP,P1S1T2,4.426735218508997,Undefined Saprotroph
Undefined Saprotroph,PAIRED MICOP,P2S2T1,4.15517448135268,Undefined Saprotroph
Undefined Saprotroph,PAIRED MICOP,P4S1T2,3.338939250994709,Undefined Saprotroph
Undefined Saprotroph,PAIRED MICOP,P6S1T2,1.0640792636454242,Undefined Saprotroph
Undefined Saprotroph,PAIRED MICOP,P1S1T3,5.95352234853673,Undefined Saprotroph
Undefined Saprotroph,PAIRED MICOP,P4S2T3,2.5708657473873995,Undefined Saprotroph
Undefined Saprotroph,PAIRED MICOP,P2S2T2,3.5403589913005176,Undefined Saprotroph
Undefined Saprotroph,PAIRED MICOP,P4S2T2,1.4214976252231617,Undefined Saprotroph
Undefined Saprotroph,PAIRED MICOP,P1S2T1,2.2665668482329555,Undefined Saprotroph
Undefined Saprotroph,PAIRED MICOP,P2S2T3,2.3648808118952087,Undefined Saprotroph
Undefined Saprotroph,PAIRED MICOP,P5S1T1,2.6505474452554747,Undefined Saprotroph
Undefined Saprotroph,PAIRED MICOP,P1S2T2,4.9724557842853,Undefined Saprotroph
Undefined Saprotroph,PAIRED MICOP,P3S1T1,1.1738186216565412,Undefined Saprotroph
Undefined Saprotroph,PAIRED MICOP,P5S1T2,3.2156083461295273,Undefined Saprotroph
Undefined Saprotroph,PAIRED MICOP,P6S2T2,2.2557122022362663,Undefined Saprotroph
Undefined Saprotroph,PAIRED MICOP,P3S1T2,2.5634581553154057,Undefined Saprotroph
Undefined Saprotroph,PAIRED MICOP,P3S2T1,2.0691806460557327,Undefined Saprotroph
Undefined Saprotroph,PAIRED MICOP,P2S1T1,1.6732673267326734,Undefined Saprotroph
Undefined Saprotroph,PAIRED MICOP,P3S2T3,3.60018228771077,Undefined Saprotroph
Undefined Saprotroph,PAIRED MICOP,P4S1T3,2.102803738317757,Undefined Saprotroph
Undefined Saprotroph,PAIRED MICOP,P2S1T3,3.077373974208675,Undefined Saprotroph
Undefined Saprotroph,PAIRED MICOP,P5S2T3,2.158670802702588,Undefined Saprotroph
Undefined Saprotroph,PAIRED MICOP,P4S2T1,4.1034288926363125,Undefined Saprotroph
Undefined Saprotroph,PAIRED MICOP,P6S1T1,1.3241525423728813,Undefined Saprotroph
Undefined Saprotroph,PAIRED MICOP,P6S2T1,1.8244419819534592,Undefined Saprotroph
Wood Saprotroph,PAIRED MICOP,P5S1T3,4.2214474734321845,Wood Saprotroph
Wood Saprotroph,PAIRED MICOP,P2S1T2,1.174605462275708,Wood Saprotroph
Wood Saprotroph,PAIRED MICOP,P3S1T3,1.552830403584039,Wood Saprotroph
Wood Saprotroph,PAIRED MICOP,P6S2T3,3.078495502861815,Wood Saprotroph
Wood Saprotroph,PAIRED MICOP,P1S2T3,10.968743933216851,Wood Saprotroph
Wood Saprotroph,PAIRED MICOP,P3S2T2,3.367128255852291,Wood Saprotroph
Wood Saprotroph,PAIRED MICOP,P5S2T1,3.867090844821491,Wood Saprotroph
Wood Saprotroph,PAIRED MICOP,P5S2T2,3.6614338286672563,Wood Saprotroph
Wood Saprotroph,PAIRED MICOP,P1S1T1,4.2354474370112944,Wood Saprotroph
Wood Saprotroph,PAIRED MICOP,P4S1T1,3.7363777893098082,Wood Saprotroph
Wood Saprotroph,PAIRED MICOP,P1S1T2,4.174807197943445,Wood Saprotroph
Wood Saprotroph,PAIRED MICOP,P2S2T1,2.8360714713994484,Wood Saprotroph
Wood Saprotroph,PAIRED MICOP,P4S1T2,2.904138807990484,Wood Saprotroph
Wood Saprotroph,PAIRED MICOP,P1S1T3,5.2549879012007485,Wood Saprotroph
Wood Saprotroph,PAIRED MICOP,P4S2T3,1.8062835965410171,Wood Saprotroph
Wood Saprotroph,PAIRED MICOP,P2S2T2,3.3806849465917854,Wood Saprotroph
Wood Saprotroph,PAIRED MICOP,P4S2T2,1.5090780476302759,Wood Saprotroph
Wood Saprotroph,PAIRED MICOP,P1S2T1,3.6889795286160516,Wood Saprotroph
Wood Saprotroph,PAIRED MICOP,P2S2T3,2.416804342695303,Wood Saprotroph
Wood Saprotroph,PAIRED MICOP,P5S1T1,2.6824817518248176,Wood Saprotroph
Wood Saprotroph,PAIRED MICOP,P1S2T2,3.732966077123804,Wood Saprotroph
Wood Saprotroph,PAIRED MICOP,P3S1T1,1.8913049454325537,Wood Saprotroph
Wood Saprotroph,PAIRED MICOP,P5S1T2,3.5498148315418665,Wood Saprotroph
Wood Saprotroph,PAIRED MICOP,P6S2T2,2.3723869713174524,Wood Saprotroph
Wood Saprotroph,PAIRED MICOP,P3S1T2,2.1068945296138057,Wood Saprotroph
Wood Saprotroph,PAIRED MICOP,P3S2T1,1.684458616387079,Wood Saprotroph
Wood Saprotroph,PAIRED MICOP,P2S1T1,1.7970297029702968,Wood Saprotroph
Wood Saprotroph,PAIRED MICOP,P3S2T3,3.900197478353334,Wood Saprotroph
Wood Saprotroph,PAIRED MICOP,P4S1T3,2.5657667012807197,Wood Saprotroph
Wood Saprotroph,PAIRED MICOP,P2S1T3,1.8112543962485346,Wood Saprotroph
Wood Saprotroph,PAIRED MICOP,P5S2T3,3.569455658012153,Wood Saprotroph
Wood Saprotroph,PAIRED MICOP,P4S2T1,4.696203178496602,Wood Saprotroph
Wood Saprotroph,PAIRED MICOP,P6S1T1,1.641949152542373,Wood Saprotroph
Wood Saprotroph,PAIRED MICOP,P6S2T1,2.184581288586354,Wood Saprotroph
Animal Pathogen,KRAKEN2,P1S2T3,1.167398746428001,Animal Pathogen
Animal Pathogen-Endophyte-Plant Pathogen-Soil Saprotroph-Wood Saprotroph,KRAKEN2,P5S1T3,80.51925728239642,Animal Pathogen-Endoph-Plant P-Soil/Wood Sap
Animal Pathogen-Endophyte-Plant Pathogen-Soil Saprotroph-Wood Saprotroph,KRAKEN2,P2S1T2,76.0945327581431,Animal Pathogen-Endoph-Plant P-Soil/Wood Sap
Animal Pathogen-Endophyte-Plant Pathogen-Soil Saprotroph-Wood Saprotroph,KRAKEN2,P3S1T3,85.23765637396718,Animal Pathogen-Endoph-Plant P-Soil/Wood Sap
Animal Pathogen-Endophyte-Plant Pathogen-Soil Saprotroph-Wood Saprotroph,KRAKEN2,P6S2T3,83.98759008110123,Animal Pathogen-Endoph-Plant P-Soil/Wood Sap
Animal Pathogen-Endophyte-Plant Pathogen-Soil Saprotroph-Wood Saprotroph,KRAKEN2,P1S2T3,72.4452511727682,Animal Pathogen-Endoph-Plant P-Soil/Wood Sap
Animal Pathogen-Endophyte-Plant Pathogen-Soil Saprotroph-Wood Saprotroph,KRAKEN2,P3S2T2,79.32041986797965,Animal Pathogen-Endoph-Plant P-Soil/Wood Sap
Animal Pathogen-Endophyte-Plant Pathogen-Soil Saprotroph-Wood Saprotroph,KRAKEN2,P5S2T1,84.4718585982554,Animal Pathogen-Endoph-Plant P-Soil/Wood Sap
Animal Pathogen-Endophyte-Plant Pathogen-Soil Saprotroph-Wood Saprotroph,KRAKEN2,P5S2T2,78.95795272691224,Animal Pathogen-Endoph-Plant P-Soil/Wood Sap
Animal Pathogen-Endophyte-Plant Pathogen-Soil Saprotroph-Wood Saprotroph,KRAKEN2,P1S1T1,83.09018768129216,Animal Pathogen-Endoph-Plant P-Soil/Wood Sap
Animal Pathogen-Endophyte-Plant Pathogen-Soil Saprotroph-Wood Saprotroph,KRAKEN2,P4S1T1,79.10531127212708,Animal Pathogen-Endoph-Plant P-Soil/Wood Sap
Animal Pathogen-Endophyte-Plant Pathogen-Soil Saprotroph-Wood Saprotroph,KRAKEN2,P1S1T2,83.67890190681419,Animal Pathogen-Endoph-Plant P-Soil/Wood Sap
Animal Pathogen-Endophyte-Plant Pathogen-Soil Saprotroph-Wood Saprotroph,KRAKEN2,P2S2T1,71.6347377222,Animal Pathogen-Endoph-Plant P-Soil/Wood Sap
Animal Pathogen-Endophyte-Plant Pathogen-Soil Saprotroph-Wood Saprotroph,KRAKEN2,P4S1T2,79.94781836566652,Animal Pathogen-Endoph-Plant P-Soil/Wood Sap
Animal Pathogen-Endophyte-Plant Pathogen-Soil Saprotroph-Wood Saprotroph,KRAKEN2,P6S1T2,85.44143164909252,Animal Pathogen-Endoph-Plant P-Soil/Wood Sap
Animal Pathogen-Endophyte-Plant Pathogen-Soil Saprotroph-Wood Saprotroph,KRAKEN2,P1S1T3,77.60254491476455,Animal Pathogen-Endoph-Plant P-Soil/Wood Sap
Animal Pathogen-Endophyte-Plant Pathogen-Soil Saprotroph-Wood Saprotroph,KRAKEN2,P4S2T3,76.781727455116,Animal Pathogen-Endoph-Plant P-Soil/Wood Sap
Animal Pathogen-Endophyte-Plant Pathogen-Soil Saprotroph-Wood Saprotroph,KRAKEN2,P2S2T2,77.65878785361193,Animal Pathogen-Endoph-Plant P-Soil/Wood Sap
Animal Pathogen-Endophyte-Plant Pathogen-Soil Saprotroph-Wood Saprotroph,KRAKEN2,P4S2T2,83.34970306614262,Animal Pathogen-Endoph-Plant P-Soil/Wood Sap
Animal Pathogen-Endophyte-Plant Pathogen-Soil Saprotroph-Wood Saprotroph,KRAKEN2,P1S2T1,79.72689665669468,Animal Pathogen-Endoph-Plant P-Soil/Wood Sap
Animal Pathogen-Endophyte-Plant Pathogen-Soil Saprotroph-Wood Saprotroph,KRAKEN2,P2S2T3,74.97785529692166,Animal Pathogen-Endoph-Plant P-Soil/Wood Sap
Animal Pathogen-Endophyte-Plant Pathogen-Soil Saprotroph-Wood Saprotroph,KRAKEN2,P5S1T1,78.70949794995222,Animal Pathogen-Endoph-Plant P-Soil/Wood Sap
Animal Pathogen-Endophyte-Plant Pathogen-Soil Saprotroph-Wood Saprotroph,KRAKEN2,P1S2T2,78.37971912699348,Animal Pathogen-Endoph-Plant P-Soil/Wood Sap
Animal Pathogen-Endophyte-Plant Pathogen-Soil Saprotroph-Wood Saprotroph,KRAKEN2,P3S1T1,81.31348881106723,Animal Pathogen-Endoph-Plant P-Soil/Wood Sap
Animal Pathogen-Endophyte-Plant Pathogen-Soil Saprotroph-Wood Saprotroph,KRAKEN2,P5S1T2,81.34636529772601,Animal Pathogen-Endoph-Plant P-Soil/Wood Sap
Animal Pathogen-Endophyte-Plant Pathogen-Soil Saprotroph-Wood Saprotroph,KRAKEN2,P6S2T2,83.20230391102137,Animal Pathogen-Endoph-Plant P-Soil/Wood Sap
Animal Pathogen-Endophyte-Plant Pathogen-Soil Saprotroph-Wood Saprotroph,KRAKEN2,P3S1T2,82.72588297802925,Animal Pathogen-Endoph-Plant P-Soil/Wood Sap
Animal Pathogen-Endophyte-Plant Pathogen-Soil Saprotroph-Wood Saprotroph,KRAKEN2,P3S2T1,75.94040816130281,Animal Pathogen-Endoph-Plant P-Soil/Wood Sap
Animal Pathogen-Endophyte-Plant Pathogen-Soil Saprotroph-Wood Saprotroph,KRAKEN2,P2S1T1,79.41703475820655,Animal Pathogen-Endoph-Plant P-Soil/Wood Sap
Animal Pathogen-Endophyte-Plant Pathogen-Soil Saprotroph-Wood Saprotroph,KRAKEN2,P3S2T3,79.36501847170166,Animal Pathogen-Endoph-Plant P-Soil/Wood Sap
Animal Pathogen-Endophyte-Plant Pathogen-Soil Saprotroph-Wood Saprotroph,KRAKEN2,P4S1T3,76.57667321950684,Animal Pathogen-Endoph-Plant P-Soil/Wood Sap
Animal Pathogen-Endophyte-Plant Pathogen-Soil Saprotroph-Wood Saprotroph,KRAKEN2,P2S1T3,80.45460493903191,Animal Pathogen-Endoph-Plant P-Soil/Wood Sap
Animal Pathogen-Endophyte-Plant Pathogen-Soil Saprotroph-Wood Saprotroph,KRAKEN2,P5S2T3,79.30703444702246,Animal Pathogen-Endoph-Plant P-Soil/Wood Sap
Animal Pathogen-Endophyte-Plant Pathogen-Soil Saprotroph-Wood Saprotroph,KRAKEN2,P4S2T1,76.38865406874666,Animal Pathogen-Endoph-Plant P-Soil/Wood Sap
Animal Pathogen-Endophyte-Plant Pathogen-Soil Saprotroph-Wood Saprotroph,KRAKEN2,P6S1T3,84.8924426226418,Animal Pathogen-Endoph-Plant P-Soil/Wood Sap
Animal Pathogen-Endophyte-Plant Pathogen-Soil Saprotroph-Wood Saprotroph,KRAKEN2,P6S1T1,81.73253698822019,Animal Pathogen-Endoph-Plant P-Soil/Wood Sap
Animal Pathogen-Endophyte-Plant Pathogen-Soil Saprotroph-Wood Saprotroph,KRAKEN2,P6S2T1,84.79244146952196,Animal Pathogen-Endoph-Plant P-Soil/Wood Sap
Animal Pathogen-Undefined Saprotroph,KRAKEN2,P2S2T1,1.0469300956050747,Animal Pathogen-Undefined Saprotroph
Endophyte-Plant Pathogen,KRAKEN2,P5S1T3,3.1319886728122683,Endophyte-Plant Pathogen
Endophyte-Plant Pathogen,KRAKEN2,P2S1T2,4.490434849828538,Endophyte-Plant Pathogen
Endophyte-Plant Pathogen,KRAKEN2,P3S1T3,2.814851620038307,Endophyte-Plant Pathogen
Endophyte-Plant Pathogen,KRAKEN2,P6S2T3,2.451674360113557,Endophyte-Plant Pathogen
Endophyte-Plant Pathogen,KRAKEN2,P1S2T3,4.211226619939286,Endophyte-Plant Pathogen
Endophyte-Plant Pathogen,KRAKEN2,P3S2T2,3.5125267026576408,Endophyte-Plant Pathogen
Endophyte-Plant Pathogen,KRAKEN2,P5S2T1,2.805696332697398,Endophyte-Plant Pathogen
Endophyte-Plant Pathogen,KRAKEN2,P5S2T2,3.289046425384956,Endophyte-Plant Pathogen
Endophyte-Plant Pathogen,KRAKEN2,P1S1T1,2.8158418447650027,Endophyte-Plant Pathogen
Endophyte-Plant Pathogen,KRAKEN2,P4S1T1,3.5045776165470643,Endophyte-Plant Pathogen
Endophyte-Plant Pathogen,KRAKEN2,P1S1T2,2.5846114843452908,Endophyte-Plant Pathogen
Endophyte-Plant Pathogen,KRAKEN2,P2S2T1,5.10711645885589,Endophyte-Plant Pathogen
Endophyte-Plant Pathogen,KRAKEN2,P4S1T2,3.2507906456401536,Endophyte-Plant Pathogen
Endophyte-Plant Pathogen,KRAKEN2,P6S1T2,2.4383572835467273,Endophyte-Plant Pathogen
Endophyte-Plant Pathogen,KRAKEN2,P1S1T3,3.4939490894538356,Endophyte-Plant Pathogen
Endophyte-Plant Pathogen,KRAKEN2,P4S2T3,4.0958897062606106,Endophyte-Plant Pathogen
Endophyte-Plant Pathogen,KRAKEN2,P2S2T2,4.253312840111327,Endophyte-Plant Pathogen
Endophyte-Plant Pathogen,KRAKEN2,P4S2T2,3.0241837265474114,Endophyte-Plant Pathogen
Endophyte-Plant Pathogen,KRAKEN2,P1S2T1,3.262852907974393,Endophyte-Plant Pathogen
Endophyte-Plant Pathogen,KRAKEN2,P2S2T3,4.569570895011277,Endophyte-Plant Pathogen
Endophyte-Plant Pathogen,KRAKEN2,P5S1T1,3.7447539337937377,Endophyte-Plant Pathogen
Endophyte-Plant Pathogen,KRAKEN2,P1S2T2,3.7815303641383053,Endophyte-Plant Pathogen
Endophyte-Plant Pathogen,KRAKEN2,P3S1T1,3.228149914313389,Endophyte-Plant Pathogen
Endophyte-Plant Pathogen,KRAKEN2,P5S1T2,3.1450507945521866,Endophyte-Plant Pathogen
Endophyte-Plant Pathogen,KRAKEN2,P6S2T2,2.883198993694037,Endophyte-Plant Pathogen
Endophyte-Plant Pathogen,KRAKEN2,P3S1T2,3.1811134207688987,Endophyte-Plant Pathogen
Endophyte-Plant Pathogen,KRAKEN2,P3S2T1,4.3472616554837815,Endophyte-Plant Pathogen
Endophyte-Plant Pathogen,KRAKEN2,P2S1T1,3.9802313815348462,Endophyte-Plant Pathogen
Endophyte-Plant Pathogen,KRAKEN2,P3S2T3,3.2303419278855565,Endophyte-Plant Pathogen
Endophyte-Plant Pathogen,KRAKEN2,P4S1T3,4.154484038678389,Endophyte-Plant Pathogen
Endophyte-Plant Pathogen,KRAKEN2,P2S1T3,3.7421865377509542,Endophyte-Plant Pathogen
Endophyte-Plant Pathogen,KRAKEN2,P5S2T3,3.548799755717845,Endophyte-Plant Pathogen
Endophyte-Plant Pathogen,KRAKEN2,P4S2T1,4.021927143618889,Endophyte-Plant Pathogen
Endophyte-Plant Pathogen,KRAKEN2,P6S1T3,2.726934670438986,Endophyte-Plant Pathogen
Endophyte-Plant Pathogen,KRAKEN2,P6S1T1,3.236043695222902,Endophyte-Plant Pathogen
Endophyte-Plant Pathogen,KRAKEN2,P6S2T1,2.647144188595503,Endophyte-Plant Pathogen
Endophyte-Plant Pathogen-Undefined Saprotroph,KRAKEN2,P5S1T3,1.3113452630310505,Endophyte-Plant Pathogen-Undef. Sap.
Endophyte-Plant Pathogen-Undefined Saprotroph,KRAKEN2,P6S2T3,1.436402930789099,Endophyte-Plant Pathogen-Undef. Sap.
Endophyte-Plant Pathogen-Undefined Saprotroph,KRAKEN2,P1S2T3,2.1074467834327337,Endophyte-Plant Pathogen-Undef. Sap.
Endophyte-Plant Pathogen-Undefined Saprotroph,KRAKEN2,P3S2T2,1.3354334748123298,Endophyte-Plant Pathogen-Undef. Sap.
Endophyte-Plant Pathogen-Undefined Saprotroph,KRAKEN2,P5S2T2,1.2966413569719004,Endophyte-Plant Pathogen-Undef. Sap.
Endophyte-Plant Pathogen-Undefined Saprotroph,KRAKEN2,P1S1T1,1.025640113608272,Endophyte-Plant Pathogen-Undef. Sap.
Endophyte-Plant Pathogen-Undefined Saprotroph,KRAKEN2,P4S1T1,1.1617501821576355,Endophyte-Plant Pathogen-Undef. Sap.
Endophyte-Plant Pathogen-Undefined Saprotroph,KRAKEN2,P1S1T2,1.15857523133477,Endophyte-Plant Pathogen-Undef. Sap.
Endophyte-Plant Pathogen-Undefined Saprotroph,KRAKEN2,P2S2T1,1.2308093108921927,Endophyte-Plant Pathogen-Undef. Sap.
Endophyte-Plant Pathogen-Undefined Saprotroph,KRAKEN2,P4S1T2,1.3182316919327741,Endophyte-Plant Pathogen-Undef. Sap.
Endophyte-Plant Pathogen-Undefined Saprotroph,KRAKEN2,P1S1T3,2.240480560926656,Endophyte-Plant Pathogen-Undef. Sap.
Endophyte-Plant Pathogen-Undefined Saprotroph,KRAKEN2,P1S2T1,1.6565225348310046,Endophyte-Plant Pathogen-Undef. Sap.
Endophyte-Plant Pathogen-Undefined Saprotroph,KRAKEN2,P2S2T3,1.012264056179057,Endophyte-Plant Pathogen-Undef. Sap.
Endophyte-Plant Pathogen-Undefined Saprotroph,KRAKEN2,P5S1T1,1.0703789262345642,Endophyte-Plant Pathogen-Undef. Sap.
Endophyte-Plant Pathogen-Undefined Saprotroph,KRAKEN2,P1S2T2,1.1287419888015624,Endophyte-Plant Pathogen-Undef. Sap.
Endophyte-Plant Pathogen-Undefined Saprotroph,KRAKEN2,P5S1T2,1.1216534765350321,Endophyte-Plant Pathogen-Undef. Sap.
Endophyte-Plant Pathogen-Undefined Saprotroph,KRAKEN2,P3S2T1,1.1698155845592035,Endophyte-Plant Pathogen-Undef. Sap.
Endophyte-Plant Pathogen-Undefined Saprotroph,KRAKEN2,P3S2T3,1.5473646655336843,Endophyte-Plant Pathogen-Undef. Sap.
Endophyte-Plant Pathogen-Undefined Saprotroph,KRAKEN2,P4S1T3,1.1680354452106056,Endophyte-Plant Pathogen-Undef. Sap.
Endophyte-Plant Pathogen-Undefined Saprotroph,KRAKEN2,P5S2T3,1.260736501444642,Endophyte-Plant Pathogen-Undef. Sap.
Endophyte-Plant Pathogen-Undefined Saprotroph,KRAKEN2,P4S2T1,1.6293627776115975,Endophyte-Plant Pathogen-Undef. Sap.
Plant Pathogen,KRAKEN2,P5S1T3,8.689257246954666,Plant Pathogen
Plant Pathogen,KRAKEN2,P2S1T2,10.627419739274771,Plant Pathogen
Plant Pathogen,KRAKEN2,P3S1T3,6.65037145078177,Plant Pathogen
Plant Pathogen,KRAKEN2,P6S2T3,6.867060249855042,Plant Pathogen
Plant Pathogen,KRAKEN2,P1S2T3,11.702275340567695,Plant Pathogen
Plant Pathogen,KRAKEN2,P3S2T2,8.694545644009988,Plant Pathogen
Plant Pathogen,KRAKEN2,P5S2T1,7.05554041423314,Plant Pathogen
Plant Pathogen,KRAKEN2,P5S2T2,8.780299305854815,Plant Pathogen
Plant Pathogen,KRAKEN2,P1S1T1,7.373155510659222,Plant Pathogen
Plant Pathogen,KRAKEN2,P4S1T1,9.179391931721327,Plant Pathogen
Plant Pathogen,KRAKEN2,P1S1T2,6.909439907285007,Plant Pathogen
Plant Pathogen,KRAKEN2,P2S2T1,12.55467907472706,Plant Pathogen
Plant Pathogen,KRAKEN2,P4S1T2,8.687029499834733,Plant Pathogen
Plant Pathogen,KRAKEN2,P6S1T2,6.579781650779781,Plant Pathogen
Plant Pathogen,KRAKEN2,P1S1T3,9.157323674200272,Plant Pathogen
Plant Pathogen,KRAKEN2,P4S2T3,10.19023612325737,Plant Pathogen
Plant Pathogen,KRAKEN2,P2S2T2,9.909649815145599,Plant Pathogen
Plant Pathogen,KRAKEN2,P4S2T2,7.571459776816372,Plant Pathogen
Plant Pathogen,KRAKEN2,P1S2T1,8.681794378840289,Plant Pathogen
Plant Pathogen,KRAKEN2,P2S2T3,11.178509136402239,Plant Pathogen
Plant Pathogen,KRAKEN2,P5S1T1,9.714686566442108,Plant Pathogen
Plant Pathogen,KRAKEN2,P1S2T2,9.850576272392981,Plant Pathogen
Plant Pathogen,KRAKEN2,P3S1T1,8.10297295283511,Plant Pathogen
Plant Pathogen,KRAKEN2,P5S1T2,8.331411823668299,Plant Pathogen
Plant Pathogen,KRAKEN2,P6S2T2,7.451505321173803,Plant Pathogen
Plant Pathogen,KRAKEN2,P3S1T2,7.672362096340694,Plant Pathogen
Plant Pathogen,KRAKEN2,P3S2T1,10.597336782358047,Plant Pathogen
Plant Pathogen,KRAKEN2,P2S1T1,9.254496748984934,Plant Pathogen
Plant Pathogen,KRAKEN2,P3S2T3,8.73828495141348,Plant Pathogen
Plant Pathogen,KRAKEN2,P4S1T3,10.46791270419415,Plant Pathogen
Plant Pathogen,KRAKEN2,P2S1T3,8.920241101120828,Plant Pathogen
Plant Pathogen,KRAKEN2,P5S2T3,9.09673434546956,Plant Pathogen
Plant Pathogen,KRAKEN2,P4S2T1,10.092425207978394,Plant Pathogen
Plant Pathogen,KRAKEN2,P6S1T3,6.968223748134261,Plant Pathogen
Plant Pathogen,KRAKEN2,P6S1T1,8.323200684804918,Plant Pathogen
Plant Pathogen,KRAKEN2,P6S2T1,6.788219451209729,Plant Pathogen
Plant Pathogen-Undefined Saprotroph,KRAKEN2,P2S1T2,1.1902486788733544,Plant Pathogen-Undefined Saprotroph
Plant Pathogen-Undefined Saprotroph,KRAKEN2,P1S2T3,1.4324666242348523,Plant Pathogen-Undefined Saprotroph
Plant Pathogen-Undefined Saprotroph,KRAKEN2,P3S2T2,1.0097913084602836,Plant Pathogen-Undefined Saprotroph
Plant Pathogen-Undefined Saprotroph,KRAKEN2,P5S2T2,1.0338332554417866,Plant Pathogen-Undefined Saprotroph
Plant Pathogen-Undefined Saprotroph,KRAKEN2,P4S1T1,1.1240623955130273,Plant Pathogen-Undefined Saprotroph
Plant Pathogen-Undefined Saprotroph,KRAKEN2,P2S2T1,1.4925418347934614,Plant Pathogen-Undefined Saprotroph
Plant Pathogen-Undefined Saprotroph,KRAKEN2,P4S1T2,1.0344402698267718,Plant Pathogen-Undefined Saprotroph
Plant Pathogen-Undefined Saprotroph,KRAKEN2,P1S1T3,1.137697775037212,Plant Pathogen-Undefined Saprotroph
Plant Pathogen-Undefined Saprotroph,KRAKEN2,P4S2T3,1.2613817583209013,Plant Pathogen-Undefined Saprotroph
Plant Pathogen-Undefined Saprotroph,KRAKEN2,P2S2T2,1.1774602251485067,Plant Pathogen-Undefined Saprotroph
Plant Pathogen-Undefined Saprotroph,KRAKEN2,P1S2T1,1.0244999356743054,Plant Pathogen-Undefined Saprotroph
Plant Pathogen-Undefined Saprotroph,KRAKEN2,P2S2T3,1.2793702685673063,Plant Pathogen-Undefined Saprotroph
Plant Pathogen-Undefined Saprotroph,KRAKEN2,P5S1T1,1.1516551565655955,Plant Pathogen-Undefined Saprotroph
Plant Pathogen-Undefined Saprotroph,KRAKEN2,P1S2T2,1.1320788295252566,Plant Pathogen-Undefined Saprotroph
Plant Pathogen-Undefined Saprotroph,KRAKEN2,P3S2T1,1.2356868279149829,Plant Pathogen-Undefined Saprotroph
Plant Pathogen-Undefined Saprotroph,KRAKEN2,P2S1T1,1.0824822411231105,Plant Pathogen-Undefined Saprotroph
Plant Pathogen-Undefined Saprotroph,KRAKEN2,P3S2T3,1.0534432556230315,Plant Pathogen-Undefined Saprotroph
Plant Pathogen-Undefined Saprotroph,KRAKEN2,P4S1T3,1.25410384089571,Plant Pathogen-Undefined Saprotroph
Plant Pathogen-Undefined Saprotroph,KRAKEN2,P5S2T3,1.0851587024361131,Plant Pathogen-Undefined Saprotroph
Plant Pathogen-Undefined Saprotroph,KRAKEN2,P4S2T1,1.2179578884394793,Plant Pathogen-Undefined Saprotroph
Undefined Saprotroph,KRAKEN2,P5S1T3,3.0444475160639795,Undefined Saprotroph
Undefined Saprotroph,KRAKEN2,P2S1T2,4.216868763434048,Undefined Saprotroph
Undefined Saprotroph,KRAKEN2,P3S1T3,2.3825742701212524,Undefined Saprotroph
Undefined Saprotroph,KRAKEN2,P6S2T3,2.645014571112299,Undefined Saprotroph
Undefined Saprotroph,KRAKEN2,P1S2T3,4.834607597390182,Undefined Saprotroph
Undefined Saprotroph,KRAKEN2,P3S2T2,3.6099187597943145,Undefined Saprotroph
Undefined Saprotroph,KRAKEN2,P5S2T1,2.451222183393555,Undefined Saprotroph
Undefined Saprotroph,KRAKEN2,P5S2T2,4.144032597106481,Undefined Saprotroph
Undefined Saprotroph,KRAKEN2,P1S1T1,2.8094393748343807,Undefined Saprotroph
Undefined Saprotroph,KRAKEN2,P4S1T1,3.556760705747291,Undefined Saprotroph
Undefined Saprotroph,KRAKEN2,P1S1T2,2.886116292124658,Undefined Saprotroph
Undefined Saprotroph,KRAKEN2,P2S2T1,4.91657275800647,Undefined Saprotroph
Undefined Saprotroph,KRAKEN2,P4S1T2,3.4708218998574196,Undefined Saprotroph
Undefined Saprotroph,KRAKEN2,P6S1T2,2.494125670685898,Undefined Saprotroph
Undefined Saprotroph,KRAKEN2,P1S1T3,3.7069101051329114,Undefined Saprotroph
Undefined Saprotroph,KRAKEN2,P4S2T3,4.189310149699058,Undefined Saprotroph
Undefined Saprotroph,KRAKEN2,P2S2T2,3.6140073941760478,Undefined Saprotroph
Undefined Saprotroph,KRAKEN2,P4S2T2,2.73125717976481,Undefined Saprotroph
Undefined Saprotroph,KRAKEN2,P1S2T1,3.2637589036727253,Undefined Saprotroph
Undefined Saprotroph,KRAKEN2,P2S2T3,4.080561060023561,Undefined Saprotroph
Undefined Saprotroph,KRAKEN2,P5S1T1,3.3035401119967105,Undefined Saprotroph
Undefined Saprotroph,KRAKEN2,P1S2T2,3.3944568401897994,Undefined Saprotroph
Undefined Saprotroph,KRAKEN2,P3S1T1,3.403248640190746,Undefined Saprotroph
Undefined Saprotroph,KRAKEN2,P5S1T2,3.000413521584112,Undefined Saprotroph
Undefined Saprotroph,KRAKEN2,P6S2T2,2.6471391449709527,Undefined Saprotroph
Undefined Saprotroph,KRAKEN2,P3S1T2,2.861075637667515,Undefined Saprotroph
Undefined Saprotroph,KRAKEN2,P3S2T1,3.8299079485435006,Undefined Saprotroph
Undefined Saprotroph,KRAKEN2,P2S1T1,3.2038619663097476,Undefined Saprotroph
Undefined Saprotroph,KRAKEN2,P3S2T3,3.484879291361842,Undefined Saprotroph
Undefined Saprotroph,KRAKEN2,P4S1T3,3.7026873297342604,Undefined Saprotroph
Undefined Saprotroph,KRAKEN2,P2S1T3,3.3037858726444145,Undefined Saprotroph
Undefined Saprotroph,KRAKEN2,P5S2T3,3.3808557740575127,Undefined Saprotroph
Undefined Saprotroph,KRAKEN2,P4S2T1,3.945195146376039,Undefined Saprotroph
Undefined Saprotroph,KRAKEN2,P6S1T3,2.449494386932374,Undefined Saprotroph
Undefined Saprotroph,KRAKEN2,P6S1T1,2.977539565965974,Undefined Saprotroph
Undefined Saprotroph,KRAKEN2,P6S2T1,2.482914526663434,Undefined Saprotroph
